2012-01-01,0.0
2012-01-02,0.0
2012-01-03,0.0
2012-01-04,96603.7
2012-01-05,74061.7
2012-01-06,58545.3
2012-01-07,51211.0
2012-01-08,49035.6
2012-01-09,52030.8
2012-01-10,58627.2
2012-01-11,68205.0
2012-01-12,61117.8
2012-01-13,55361.0
2012-01-14,50729.1
2012-01-15,47096.2
2012-01-16,44463.2
2012-01-17,43157.8
2012-01-18,43358.9
2012-01-19,45020.8
2012-01-20,48149.9
2012-01-21,52697.2
2012-01-22,53004.9
2012-01-23,53530.6
2012-01-24,54281.6
2012-01-25,55247.3
2012-01-26,56402.6
2012-01-27,57756.7
2012-01-28,59331.6
2012-01-29,61141.6
2012-01-30,63244.3
2012-01-31,65670.5
2012-02-01,68431.4
2012-02-02,71609.0
2012-02-03,75531.5
2012-02-04,81130.2
2012-02-05,88614.7
2012-02-06,97936.8
2012-02-07,108978.2
2012-02-08,121326.8
2012-02-09,116311.1
2012-02-10,112341.6
2012-02-11,109429.6
2012-02-12,107504.9
2012-02-13,106424.6
2012-02-14,106043.7
2012-02-15,106208.9
2012-02-16,106791.0
2012-02-17,107739.0
2012-02-18,109049.5
2012-02-19,110729.3
2012-02-20,112746.6
2012-02-21,115050.7
2012-02-22,117627.7
2012-02-23,120489.4
2012-02-24,123635.7
2012-02-25,127087.7
2012-02-26,130907.8
2012-02-27,135097.9
2012-02-28,139584.5
2012-02-29,133376.1
2012-03-01,127411.2
2012-03-02,121672.7
2012-03-03,116126.9
2012-03-04,110818.5
2012-03-05,105782.7
2012-03-06,101048.4
2012-03-07,96643.1
2012-03-08,92629.3
2012-03-09,89073.2
2012-03-10,86121.9
2012-03-11,83715.2
2012-03-12,81806.7
2012-03-13,80351.5
2012-03-14,79375.5
2012-03-15,78903.6
2012-03-16,78826.2
2012-03-17,79108.2
2012-03-18,79707.5
2012-03-19,80560.2
2012-03-20,81573.7
2012-03-21,82710.4
2012-03-22,83949.6
2012-03-23,85287.0
2012-03-24,86737.1
2012-03-25,88285.3
2012-03-26,89923.8
2012-03-27,91643.4
2012-03-28,93435.8
2012-03-29,90149.3
2012-03-30,86429.4
2012-03-31,82820.6
2012-04-01,81765.4
2012-04-02,80932.1
2012-04-03,78961.9
2012-04-04,77126.7
2012-04-05,75459.4
2012-04-06,74022.9
2012-04-07,72890.7
2012-04-08,72121.0
2012-04-09,71829.3
2012-04-10,72149.8
2012-04-11,73173.6
2012-04-12,75103.6
2012-04-13,78193.6
2012-04-14,82489.0
2012-04-15,87633.0
2012-04-16,93342.0
2012-04-17,99505.6
2012-04-18,106036.9
2012-04-19,105131.6
2012-04-20,104249.7
2012-04-21,103392.4
2012-04-22,102560.0
2012-04-23,101751.5
2012-04-24,100970.1
2012-04-25,100214.6
2012-04-26,99485.3
2012-04-27,98782.2
2012-04-28,98105.7
2012-04-29,97457.1
2012-04-30,96835.7
2012-05-01,96245.1
2012-05-02,95683.9
2012-05-03,95209.9
2012-05-04,94780.6
2012-05-05,94393.6
2012-05-06,94045.0
2012-05-07,93732.0
2012-05-08,93451.1
2012-05-09,93202.4
2012-05-10,92878.7
2012-05-11,92583.0
2012-05-12,92318.3
2012-05-13,92084.9
2012-05-14,91886.4
2012-05-15,91721.6
2012-05-16,91595.5
2012-05-17,91430.9
2012-05-18,91290.9
2012-05-19,91172.9
2012-05-20,91078.2
2012-05-21,91008.2
2012-05-22,90962.2
2012-05-23,90938.7
2012-05-24,90939.9
2012-05-25,90964.6
2012-05-26,91012.9
2012-05-27,91086.8
2012-05-28,91188.0
2012-05-29,91320.2
2012-05-30,91482.3
2012-05-31,91677.9
2012-06-01,91907.8
2012-06-02,92170.2
2012-06-03,92463.5
2012-06-04,92785.9
2012-06-05,93135.0
2012-06-06,93509.6
2012-06-07,93909.7
2012-06-08,94331.7
2012-06-09,94776.0
2012-06-10,95241.5
2012-06-11,95727.1
2012-06-12,96231.4
2012-06-13,94097.8
2012-06-14,92203.3
2012-06-15,90582.6
2012-06-16,89276.0
2012-06-17,88282.9
2012-06-18,87590.4
2012-06-19,87184.9
2012-06-20,87037.0
2012-06-21,87154.3
2012-06-22,87535.3
2012-06-23,88161.9
2012-06-24,89039.7
2012-06-25,90133.6
2012-06-26,91424.8
2012-06-27,92911.8
2012-06-28,90503.5
2012-06-29,88264.4
2012-06-30,86191.6
2012-07-01,84293.2
2012-07-02,82591.2
2012-07-03,81125.7
2012-07-04,79868.9
2012-07-05,78799.3
2012-07-06,77917.4
2012-07-07,77215.2
2012-07-08,76703.3
2012-07-09,76407.0
2012-07-10,76377.4
2012-07-11,76611.9
2012-07-12,77364.4
2012-07-13,78202.2
2012-07-14,79130.1
2012-07-15,80150.4
2012-07-16,81267.2
2012-07-17,82479.2
2012-07-18,83781.5
2012-07-19,85168.7
2012-07-20,86623.4
2012-07-21,88148.8
2012-07-22,89742.4
2012-07-23,91407.9
2012-07-24,93136.8
2012-07-25,94933.8
2012-07-26,96811.0
2012-07-27,98775.4
2012-07-28,100834.9
2012-07-29,102993.2
2012-07-30,105252.9
2012-07-31,107620.3
2012-08-01,110100.6
2012-08-02,108346.7
2012-08-03,106629.8
2012-08-04,104950.6
2012-08-05,103308.2
2012-08-06,101703.8
2012-08-07,100135.2
2012-08-08,98603.8
2012-08-09,97108.2
2012-08-10,95645.5
2012-08-11,94210.5
2012-08-12,92804.7
2012-08-13,91428.8
2012-08-14,90083.0
2012-08-15,88766.5
2012-08-16,87478.3
2012-08-17,86215.7
2012-08-18,84980.1
2012-08-19,83769.8
2012-08-20,82583.3
2012-08-21,81420.8
2012-08-22,80281.0
2012-08-23,79164.7
2012-08-24,78071.5
2012-08-25,77002.8
2012-08-26,75959.5
2012-08-27,74940.7
2012-08-28,73949.5
2012-08-29,72986.9
2012-08-30,72053.8
2012-08-31,71148.8
2012-09-01,70269.6
2012-09-02,69417.0
2012-09-03,68592.8
2012-09-04,67793.6
2012-09-05,67020.7
2012-09-06,66276.0
2012-09-07,65558.2
2012-09-08,64868.1
2012-09-09,64203.9
2012-09-10,63568.5
2012-09-11,62963.2
2012-09-12,62386.0
2012-09-13,62146.7
2012-09-14,61914.8
2012-09-15,61691.5
2012-09-16,61477.8
2012-09-17,61272.2
2012-09-18,61074.6
2012-09-19,60884.9
2012-09-20,60703.9
2012-09-21,60530.9
2012-09-22,60366.1
2012-09-23,60209.9
2012-09-24,60062.7
2012-09-25,59923.6
2012-09-26,59792.3
2012-09-27,59669.1
2012-09-28,59554.7
2012-09-29,59449.3
2012-09-30,59353.0
2012-10-01,59266.6
2012-10-02,59190.6
2012-10-03,59124.4
2012-10-04,59068.6
2012-10-05,59022.6
2012-10-06,58985.2
2012-10-07,58957.1
2012-10-08,58938.6
2012-10-09,58928.6
2012-10-10,58926.9
2012-10-11,58932.9
2012-10-12,58946.0
2012-10-13,58966.2
2012-10-14,58993.3
2012-10-15,59026.6
2012-10-16,59066.4
2012-10-17,59112.8
2012-10-18,59165.5
2012-10-19,59225.4
2012-10-20,59291.5
2012-10-21,59363.9
2012-10-22,59442.8
2012-10-23,59528.1
2012-10-24,59619.6
2012-10-25,59717.0
2012-10-26,59230.5
2012-10-27,58778.8
2012-10-28,58359.3
2012-10-29,57972.7
2012-10-30,57618.7
2012-10-31,57296.2
2012-11-01,57005.8
2012-11-02,56748.7
2012-11-03,56523.2
2012-11-04,56323.0
2012-11-05,56145.5
2012-11-06,55990.5
2012-11-07,55857.2
2012-11-08,55745.8
2012-11-09,55655.3
2012-11-10,55586.5
2012-11-11,55539.1
2012-11-12,55514.6
2012-11-13,55514.2
2012-11-14,55538.5
2012-11-15,55589.5
2012-11-16,55108.3
2012-11-17,54650.9
2012-11-18,54217.7
2012-11-19,53808.7
2012-11-20,53422.8
2012-11-21,53060.8
2012-11-22,52723.3
2012-11-23,52410.4
2012-11-24,52122.8
2012-11-25,51859.5
2012-11-26,51622.5
2012-11-27,51412.6
2012-11-28,51230.7
2012-11-29,51076.7
2012-11-30,50949.7
2012-12-01,50850.1
2012-12-02,50781.6
2012-12-03,50742.8
2012-12-04,50730.4
2012-12-05,50741.5
2012-12-06,50774.8
2012-12-07,50827.6
2012-12-08,50899.6
2012-12-09,50988.8
2012-12-10,51094.6
2012-12-11,51218.7
2012-12-12,51360.5
2012-12-13,51188.3
2012-12-14,51039.2
2012-12-15,50918.0
2012-12-16,50824.1
2012-12-17,50760.6
2012-12-18,50729.7
2012-12-19,50732.8
2012-12-20,50772.2
2012-12-21,50850.4
2012-12-22,50966.1
2012-12-23,51117.7
2012-12-24,51304.3
2012-12-25,51525.4
2012-12-26,51781.1
2012-12-27,52070.5
2012-12-28,52391.8
2012-12-29,52744.9
2012-12-30,53127.3
2012-12-31,53538.9
2013-01-01,53978.5
2013-01-02,54444.5
2013-01-03,54935.0
2013-01-04,53366.5
2013-01-05,51889.1
2013-01-06,50490.2
2013-01-07,49159.0
2013-01-08,47891.9
2013-01-09,46686.9
2013-01-10,45537.0
2013-01-11,44445.2
2013-01-12,43403.1
2013-01-13,42412.2
2013-01-14,41465.2
2013-01-15,40568.9
2013-01-16,39712.8
2013-01-17,38898.9
2013-01-18,38125.5
2013-01-19,37386.6
2013-01-20,36681.4
2013-01-21,36007.9
2013-01-22,35366.6
2013-01-23,34756.2
2013-01-24,34180.8
2013-01-25,33637.2
2013-01-26,33122.3
2013-01-27,32631.9
2013-01-28,32169.9
2013-01-29,31736.1
2013-01-30,31327.4
2013-01-31,30945.4
2013-02-01,30589.4
2013-02-02,30261.4
2013-02-03,29962.7
2013-02-04,29693.9
2013-02-05,29459.4
2013-02-06,29266.9
2013-02-07,29132.3
2013-02-08,29065.2
2013-02-09,29075.8
2013-02-10,29170.8
2013-02-11,29352.4
2013-02-12,29622.7
2013-02-13,29977.7
2013-02-14,30408.6
2013-02-15,29647.6
2013-02-16,28936.2
2013-02-17,28271.7
2013-02-18,27655.8
2013-02-19,27090.0
2013-02-20,26573.6
2013-02-21,26110.5
2013-02-22,25705.0
2013-02-23,25370.9
2013-02-24,25115.8
2013-02-25,24897.5
2013-02-26,24710.1
2013-02-27,24551.5
2013-02-28,24419.0
2013-03-01,24312.1
2013-03-02,24229.9
2013-03-03,24174.9
2013-03-04,24147.3
2013-03-05,24144.9
2013-03-06,24168.2
2013-03-07,24218.9
2013-03-08,24293.1
2013-03-09,24389.5
2013-03-10,24504.6
2013-03-11,24636.8
2013-03-12,24786.1
2013-03-13,24950.8
2013-03-14,25127.7
2013-03-15,25316.3
2013-03-16,25513.5
2013-03-17,25718.5
2013-03-18,25930.5
2013-03-19,26148.3
2013-03-20,26372.7
2013-03-21,26602.1
2013-03-22,26835.6
2013-03-23,27072.6
2013-03-24,27312.7
2013-03-25,27555.2
2013-03-26,27800.0
2013-03-27,28047.4
2013-03-28,28297.2
2013-03-29,28549.2
2013-03-30,28803.4
2013-03-31,29059.6
2013-04-01,29317.8
2013-04-02,29578.1
2013-04-03,29840.7
2013-04-04,30105.6
2013-04-05,30372.5
2013-04-06,30641.5
2013-04-07,30912.5
2013-04-08,31185.2
2013-04-09,31459.8
2013-04-10,31736.3
2013-04-11,32014.4
2013-04-12,32293.7
2013-04-13,32575.5
2013-04-14,32858.8
2013-04-15,33143.7
2013-04-16,33430.5
2013-04-17,33719.0
2013-04-18,34009.0
2013-04-19,34300.5
2013-04-20,34593.4
2013-04-21,34887.8
2013-04-22,35184.1
2013-04-23,35482.3
2013-04-24,35781.8
2013-04-25,36285.5
2013-04-26,35520.5
2013-04-27,34809.8
2013-04-28,34166.0
2013-04-29,33592.7
2013-04-30,33090.0
2013-05-01,32649.4
2013-05-02,30042.7
2013-05-03,27694.4
2013-05-04,28797.3
2013-05-05,29937.1
2013-05-06,31108.4
2013-05-07,25414.6
2013-05-08,25555.1
2013-05-09,23546.0
2013-05-10,23437.8
2013-05-11,23450.6
2013-05-12,23570.2
2013-05-13,23756.7
2013-05-14,22685.6
2013-05-15,16698.6
2013-05-16,21286.9
2013-05-17,20339.4
2013-05-18,19634.6
2013-05-19,19059.6
2013-05-20,18596.8
2013-05-21,18298.0
2013-05-22,14910.4
2013-05-23,13421.8
2013-05-24,13493.0
2013-05-25,13659.7
2013-05-26,13951.4
2013-05-27,14530.1
2013-05-28,15649.3
2013-05-29,17045.3
2013-05-30,16984.1
2013-05-31,17147.5
2013-06-01,17613.9
2013-06-02,18356.1
2013-06-03,19277.1
2013-06-04,20289.4
2013-06-05,21394.8
2013-06-06,22597.8
2013-06-07,23776.1
2013-06-08,25094.4
2013-06-09,26543.5
2013-06-10,28146.8
2013-06-11,29925.6
2013-06-12,34603.3
2013-06-13,36170.5
2013-06-14,35144.8
2013-06-15,36616.3
2013-06-16,38601.5
2013-06-17,36279.2
2013-06-18,37454.1
2013-06-19,39413.7
2013-06-20,41704.0
2013-06-21,40001.5
2013-06-22,38155.2
2013-06-23,36718.3
2013-06-24,35667.4
2013-06-25,34801.4
2013-06-26,32381.6
2013-06-27,29251.6
2013-06-28,27007.0
2013-06-29,25208.2
2013-06-30,23803.9
2013-07-01,22639.7
2013-07-02,22178.7
2013-07-03,23521.3
2013-07-04,22502.3
2013-07-05,21632.5
2013-07-06,21288.5
2013-07-07,20410.3
2013-07-08,19720.3
2013-07-09,19194.3
2013-07-10,18821.3
2013-07-11,18577.8
2013-07-12,18671.5
2013-07-13,18898.2
2013-07-14,19277.1
2013-07-15,19898.1
2013-07-16,20681.8
2013-07-17,21385.9
2013-07-18,22206.7
2013-07-19,23140.2
2013-07-20,24193.6
2013-07-21,25376.4
2013-07-22,26700.5
2013-07-23,28162.1
2013-07-24,29795.4
2013-07-25,31537.1
2013-07-26,30706.1
2013-07-27,29908.1
2013-07-28,29142.9
2013-07-29,28406.5
2013-07-30,27700.1
2013-07-31,27024.3
2013-08-01,26370.4
2013-08-02,25796.5
2013-08-03,25307.5
2013-08-04,24907.4
2013-08-05,24593.6
2013-08-06,24334.4
2013-08-07,24126.3
2013-08-08,23490.7
2013-08-09,22890.6
2013-08-10,22328.5
2013-08-11,21808.1
2013-08-12,21329.6
2013-08-13,20889.8
2013-08-14,20491.5
2013-08-15,20151.4
2013-08-16,20070.2
2013-08-17,20044.6
2013-08-18,20068.5
2013-08-19,20141.5
2013-08-20,20262.8
2013-08-21,20428.6
2013-08-22,20640.1
2013-08-23,20933.6
2013-08-24,21324.1
2013-08-25,21807.6
2013-08-26,22367.9
2013-08-27,23000.6
2013-08-28,23699.7
2013-08-29,23138.1
2013-08-30,22642.6
2013-08-31,22209.3
2013-09-01,21835.0
2013-09-02,21517.1
2013-09-03,21262.2
2013-09-04,21085.9
2013-09-05,20987.7
2013-09-06,20945.8
2013-09-07,20950.8
2013-09-08,20998.4
2013-09-09,21087.5
2013-09-10,21214.2
2013-09-11,21377.1
2013-09-12,24402.1
2013-09-13,24776.1
2013-09-14,25194.9
2013-09-15,25661.1
2013-09-16,26176.2
2013-09-17,26739.4
2013-09-18,27349.3
2013-09-19,28008.5
2013-09-20,28721.4
2013-09-21,29497.4
2013-09-22,30338.6
2013-09-23,31243.1
2013-09-24,32208.1
2013-09-25,33235.9
2013-09-26,31772.7
2013-09-27,30345.4
2013-09-28,28957.4
2013-09-29,27610.6
2013-09-30,26306.4
2013-10-01,25046.7
2013-10-02,23832.6
2013-10-03,22666.2
2013-10-04,21547.3
2013-10-05,20477.8
2013-10-06,19458.2
2013-10-07,18489.9
2013-10-08,17574.8
2013-10-09,16711.7
2013-10-10,15895.9
2013-10-11,15127.2
2013-10-12,14404.1
2013-10-13,13724.2
2013-10-14,13080.0
2013-10-15,12468.2
2013-10-16,11891.4
2013-10-17,11346.7
2013-10-18,10829.9
2013-10-19,10339.4
2013-10-20,9873.2
2013-10-21,9428.9
2013-10-22,9009.4
2013-10-23,8613.4
2013-10-24,8239.8
2013-10-25,9324.8
2013-10-26,10580.0
2013-10-27,11992.8
2013-10-28,13592.6
2013-10-29,15401.8
2013-10-30,17421.4
2013-10-31,19651.9
2013-11-01,22105.4
2013-11-02,24774.5
2013-11-03,27670.4
2013-11-04,30856.4
2013-11-05,34353.4
2013-11-06,38130.2
2013-11-07,37250.1
2013-11-08,36471.2
2013-11-09,35807.7
2013-11-10,35274.9
2013-11-11,34834.0
2013-11-12,34451.9
2013-11-13,34125.8
2013-11-14,33856.2
2013-11-15,33653.3
2013-11-16,33531.2
2013-11-17,33507.8
2013-11-18,33579.5
2013-11-19,33748.4
2013-11-20,34014.7
2013-11-21,32795.7
2013-11-22,31620.9
2013-11-23,30493.5
2013-11-24,29416.9
2013-11-25,28390.4
2013-11-26,27412.5
2013-11-27,26482.4
2013-11-28,25599.7
2013-11-29,24768.2
2013-11-30,23999.9
2013-12-01,23279.2
2013-12-02,22600.6
2013-12-03,21964.7
2013-12-04,21359.7
2013-12-05,20781.5
2013-12-06,20229.8
2013-12-07,19705.2
2013-12-08,19207.8
2013-12-09,18738.6
2013-12-10,18301.4
2013-12-11,17895.2
2013-12-12,17518.1
2013-12-13,17169.0
2013-12-14,16842.9
2013-12-15,16539.5
2013-12-16,16256.3
2013-12-17,15989.2
2013-12-18,15738.0
2013-12-19,14758.1
2013-12-20,13921.8
2013-12-21,13231.9
2013-12-22,12661.5
2013-12-23,12213.0
2013-12-24,11890.0
2013-12-25,11668.3
2013-12-26,11548.4
2013-12-27,11597.4
2013-12-28,11311.4
2013-12-29,11032.4
2013-12-30,10759.9
2013-12-31,10493.7
2014-01-01,10235.7
2014-01-02,9985.5
2014-01-03,9742.1
2014-01-04,9505.8
2014-01-05,9276.9
2014-01-06,9056.5
2014-01-07,8843.9
2014-01-08,8639.0
2014-01-09,8441.8
2014-01-10,8251.7
2014-01-11,8069.6
2014-01-12,7895.3
2014-01-13,7730.0
2014-01-14,7574.5
2014-01-15,7429.6
2014-01-16,7296.2
2014-01-17,7176.7
2014-01-18,6925.6
2014-01-19,6707.8
2014-01-20,6522.4
2014-01-21,6364.3
2014-01-22,6235.7
2014-01-23,6142.3
2014-01-24,6088.3
2014-01-25,6076.8
2014-01-26,6112.5
2014-01-27,6196.0
2014-01-28,6134.2
2014-01-29,6100.4
2014-01-30,6092.8
2014-01-31,6109.3
2014-02-01,6145.1
2014-02-02,6194.0
2014-02-03,6249.8
2014-02-04,6313.2
2014-02-05,6383.5
2014-02-06,6459.2
2014-02-07,6538.7
2014-02-08,6621.4
2014-02-09,6707.8
2014-02-10,6797.7
2014-02-11,6890.0
2014-02-12,6985.7
2014-02-13,7086.0
2014-02-14,7191.3
2014-02-15,7301.4
2014-02-16,7416.4
2014-02-17,7536.2
2014-02-18,7660.5
2014-02-19,7790.0
2014-02-20,7925.9
2014-02-21,8071.4
2014-02-22,8237.1
2014-02-23,8424.4
2014-02-24,8631.0
2014-02-25,8936.9
2014-02-26,9262.5
2014-02-27,9608.3
2014-02-28,9985.3
2014-03-01,10377.9
2014-03-02,10783.8
2014-03-03,11203.8
2014-03-04,11636.6
2014-03-05,12081.0
2014-03-06,12538.2
2014-03-07,13006.8
2014-03-08,13486.3
2014-03-09,13977.5
2014-03-10,14479.5
2014-03-11,14993.4
2014-03-12,15519.5
2014-03-13,16057.9
2014-03-14,16610.1
2014-03-15,17175.4
2014-03-16,17754.1
2014-03-17,18343.7
2014-03-18,18945.6
2014-03-19,19558.2
2014-03-20,20184.7
2014-03-21,20823.9
2014-03-22,21480.4
2014-03-23,22160.6
2014-03-24,22874.8
2014-03-25,23630.4
2014-03-26,24429.7
2014-03-27,25276.0
2014-03-28,26174.7
2014-03-29,27132.4
2014-03-30,28151.7
2014-03-31,29236.7
2014-04-01,30390.3
2014-04-02,31618.5
2014-04-03,32913.4
2014-04-04,34273.9
2014-04-05,35700.0
2014-04-06,37189.2
2014-04-07,38739.6
2014-04-08,40347.1
2014-04-09,42007.6
2014-04-10,43722.8
2014-04-11,45484.6
2014-04-12,47297.0
2014-04-13,49160.0
2014-04-14,51075.1
2014-04-15,53041.9
2014-04-16,55060.3
2014-04-17,57129.2
2014-04-18,59253.0
2014-04-19,61431.7
2014-04-20,63666.2
2014-04-21,65955.9
2014-04-22,68300.8
2014-04-23,70699.0
2014-04-24,64023.8
2014-04-25,57931.4
2014-04-26,52377.2
2014-04-27,47354.4
2014-04-28,42898.9
2014-04-29,38992.9
2014-04-30,35621.8
2014-05-01,32851.7
2014-05-02,30896.3
2014-05-03,29826.5
2014-05-04,29646.1
2014-05-05,30377.1
2014-05-06,31975.6
2014-05-07,31282.0
2014-05-08,31026.1
2014-05-09,31153.8
2014-05-10,31575.2
2014-05-11,32284.9
2014-05-12,33270.1
2014-05-13,34513.7
2014-05-14,35971.9
2014-05-15,37617.9
2014-05-16,39447.8
2014-05-17,41464.5
2014-05-18,43663.8
2014-05-19,46032.6
2014-05-20,48567.2
2014-05-21,51336.7
2014-05-22,47714.3
2014-05-23,44467.8
2014-05-24,41604.8
2014-05-25,39125.1
2014-05-26,36996.5
2014-05-27,35212.7
2014-05-28,33757.0
2014-05-29,32643.7
2014-05-30,31856.2
2014-05-31,31368.8
2014-06-01,31160.2
2014-06-02,31202.3
2014-06-03,31473.5
2014-06-04,31960.0
2014-06-05,26587.3
2014-06-06,21931.8
2014-06-07,18015.7
2014-06-08,14777.2
2014-06-09,12170.4
2014-06-10,10094.8
2014-06-11,8464.5
2014-06-12,7251.4
2014-06-13,6428.3
2014-06-14,5901.7
2014-06-15,5548.7
2014-06-16,5281.4
2014-06-17,5078.4
2014-06-18,4922.4
2014-06-19,4970.0
2014-06-20,5027.4
2014-06-21,5097.2
2014-06-22,5182.7
2014-06-23,5288.4
2014-06-24,5410.5
2014-06-25,5541.6
2014-06-26,5685.5
2014-06-27,5841.4
2014-06-28,6016.8
2014-06-29,6219.6
2014-06-30,6452.8
2014-07-01,6718.2
2014-07-02,7015.9
2014-07-03,7345.8
2014-07-04,7707.7
2014-07-05,8101.3
2014-07-06,8527.7
2014-07-07,8988.7
2014-07-08,9491.9
2014-07-09,10063.3
2014-07-10,10714.6
2014-07-11,11450.4
2014-07-12,12267.2
2014-07-13,13159.0
2014-07-14,14128.3
2014-07-15,15173.4
2014-07-16,16296.4
2014-07-17,15618.1
2014-07-18,15020.6
2014-07-19,14501.4
2014-07-20,14056.4
2014-07-21,13683.3
2014-07-22,13379.6
2014-07-23,13141.3
2014-07-24,12967.2
2014-07-25,12860.4
2014-07-26,12830.4
2014-07-27,12884.1
2014-07-28,13011.1
2014-07-29,13204.9
2014-07-30,13457.9
2014-07-31,14357.6
2014-08-01,15506.8
2014-08-02,16911.7
2014-08-03,18533.7
2014-08-04,20407.0
2014-08-05,22555.2
2014-08-06,24934.2
2014-08-07,27496.2
2014-08-08,30221.4
2014-08-09,33113.3
2014-08-10,36185.6
2014-08-11,39471.5
2014-08-12,42989.6
2014-08-13,46752.3
2014-08-14,50748.6
2014-08-15,54962.6
2014-08-16,51983.6
2014-08-17,49077.6
2014-08-18,46243.4
2014-08-19,43483.7
2014-08-20,40804.0
2014-08-21,38210.4
2014-08-22,35708.4
2014-08-23,33307.9
2014-08-24,31035.1
2014-08-25,28913.9
2014-08-26,26963.2
2014-08-27,25221.5
2014-08-28,23806.9
2014-08-29,22620.2
2014-08-30,21550.8
2014-08-31,20565.1
2014-09-01,19645.2
2014-09-02,18781.0
2014-09-03,17964.4
2014-09-04,17194.1
2014-09-05,18588.7
2014-09-06,20086.3
2014-09-07,21707.3
2014-09-08,23478.9
2014-09-09,25469.4
2014-09-10,27848.0
2014-09-11,30735.4
2014-09-12,33973.3
2014-09-13,37478.2
2014-09-14,41213.5
2014-09-15,45150.4
2014-09-16,49261.6
2014-09-17,53527.9
2014-09-18,57951.5
2014-09-19,54940.5
2014-09-20,52031.5
2014-09-21,49216.8
2014-09-22,46488.5
2014-09-23,43847.2
2014-09-24,41305.0
2014-09-25,38867.5
2014-09-26,36538.6
2014-09-27,34314.0
2014-09-28,32187.1
2014-09-29,30159.7
2014-09-30,28230.4
2014-10-01,26399.7
2014-10-02,24662.1
2014-10-03,23013.9
2014-10-04,21451.7
2014-10-05,19980.0
2014-10-06,18604.9
2014-10-07,17316.0
2014-10-08,16105.0
2014-10-09,17664.1
2014-10-10,19339.6
2014-10-11,21147.1
2014-10-12,23094.4
2014-10-13,25192.3
2014-10-14,27456.0
2014-10-15,29895.9
2014-10-16,32526.8
2014-10-17,35337.9
2014-10-18,38331.0
2014-10-19,41519.1
2014-10-20,44895.3
2014-10-21,48456.2
2014-10-22,52197.5
2014-10-23,47744.7
2014-10-24,43526.9
2014-10-25,39549.5
2014-10-26,35848.1
2014-10-27,32418.7
2014-10-28,29271.3
2014-10-29,26427.4
2014-10-30,23895.7
2014-10-31,21641.4
2014-11-01,19608.5
2014-11-02,17750.8
2014-11-03,16056.1
2014-11-04,14528.1
2014-11-05,13176.4
2014-11-06,13105.6
2014-11-07,13038.6
2014-11-08,12975.2
2014-11-09,12915.2
2014-11-10,12859.1
2014-11-11,12807.3
2014-11-12,12759.2
2014-11-13,12715.1
2014-11-14,12675.1
2014-11-15,12639.3
2014-11-16,12607.8
2014-11-17,12580.7
2014-11-18,12558.5
2014-11-19,12541.3
2014-11-20,12530.3
2014-11-21,12526.3
2014-11-22,12529.9
2014-11-23,12541.4
2014-11-24,12561.7
2014-11-25,12593.1
2014-11-26,12638.2
2014-11-27,12695.9
2014-11-28,12765.1
2014-11-29,12845.2
2014-11-30,12935.4
2014-12-01,13034.6
2014-12-02,13142.0
2014-12-03,13257.6
2014-12-04,13381.9
2014-12-05,13515.7
2014-12-06,12955.1
2014-12-07,12408.3
2014-12-08,11876.8
2014-12-09,11369.1
2014-12-10,10895.9
2014-12-11,10460.9
2014-12-12,10068.6
2014-12-13,9721.7
2014-12-14,9422.6
2014-12-15,9173.5
2014-12-16,8978.9
2014-12-17,8825.2
2014-12-18,8954.5
2014-12-19,9086.5
2014-12-20,9221.1
2014-12-21,9358.3
2014-12-22,9498.2
2014-12-23,9640.6
2014-12-24,9786.3
2014-12-25,9935.5
2014-12-26,10088.2
2014-12-27,10244.5
2014-12-28,10404.4
2014-12-29,10567.9
2014-12-30,10735.0
2014-12-31,10905.5
2015-01-01,11079.4
2015-01-02,11256.7
2015-01-03,11437.3
2015-01-04,11621.2
2015-01-05,11808.6
2015-01-06,11999.2
2015-01-07,12192.6
2015-01-08,12389.6
2015-01-09,12589.4
2015-01-10,12792.3
2015-01-11,12998.2
2015-01-12,13206.9
2015-01-13,13418.5
2015-01-14,13632.8
2015-01-15,13850.1
2015-01-16,14070.3
2015-01-17,14293.5
2015-01-18,14519.4
2015-01-19,14748.5
2015-01-20,14981.2
2015-01-21,15217.2
2015-01-22,15456.9
2015-01-23,15700.5
2015-01-24,15947.8
2015-01-25,16199.0
2015-01-26,16453.7
2015-01-27,16712.5
2015-01-28,16975.0
2015-01-29,17241.4
2015-01-30,17512.1
2015-01-31,17787.0
2015-02-01,18065.4
2015-02-02,18346.8
2015-02-03,18631.2
2015-02-04,18918.6
2015-02-05,19209.1
2015-02-06,19502.7
2015-02-07,19798.9
2015-02-08,20098.0
2015-02-09,20400.4
2015-02-10,20706.0
2015-02-11,21014.5
2015-02-12,21326.1
2015-02-13,21640.6
2015-02-14,21958.5
2015-02-15,22279.6
2015-02-16,22603.9
2015-02-17,22931.4
2015-02-18,23262.1
2015-02-19,23596.1
2015-02-20,23097.5
2015-02-21,22614.6
2015-02-22,22149.4
2015-02-23,21702.4
2015-02-24,21275.5
2015-02-25,20871.5
2015-02-26,20497.9
2015-02-27,20170.2
2015-02-28,19885.5
2015-03-01,19637.4
2015-03-02,19424.0
2015-03-03,19242.1
2015-03-04,19100.6
2015-03-05,19014.7
2015-03-06,18980.0
2015-03-07,18990.2
2015-03-08,19042.7
2015-03-09,19130.4
2015-03-10,19248.6
2015-03-11,19394.3
2015-03-12,19564.1
2015-03-13,19755.9
2015-03-14,19966.2
2015-03-15,20193.4
2015-03-16,20435.9
2015-03-17,20693.3
2015-03-18,19066.3
2015-03-19,17611.1
2015-03-20,16344.8
2015-03-21,15309.9
2015-03-22,14432.8
2015-03-23,13630.3
2015-03-24,12894.5
2015-03-25,12227.1
2015-03-26,11623.9
2015-03-27,11079.6
2015-03-28,10595.2
2015-03-29,10169.8
2015-03-30,9802.6
2015-03-31,9492.8
2015-04-01,9239.9
2015-04-02,9062.1
2015-04-03,8990.5
2015-04-04,9055.4
2015-04-05,9301.2
2015-04-06,9783.7
2015-04-07,10517.4
2015-04-08,11552.0
2015-04-09,12813.1
2015-04-10,14220.6
2015-04-11,15746.4
2015-04-12,17369.7
2015-04-13,19077.0
2015-04-14,20658.1
2015-04-15,22309.8
2015-04-16,24051.2
2015-04-17,25887.8
2015-04-18,27811.5
2015-04-19,29810.8
2015-04-20,31873.5
2015-04-21,33997.6
2015-04-22,36183.0
2015-04-23,38434.7
2015-04-24,40772.8
2015-04-25,43187.6
2015-04-26,45664.7
2015-04-27,48199.3
2015-04-28,50790.8
2015-04-29,53438.2
2015-04-30,46570.8
2015-05-01,41232.2
2015-05-02,36822.9
2015-05-03,32958.5
2015-05-04,29586.4
2015-05-05,26740.5
2015-05-06,23631.1
2015-05-07,21122.9
2015-05-08,18965.1
2015-05-09,17019.3
2015-05-10,15261.2
2015-05-11,13727.5
2015-05-12,12495.8
2015-05-13,11642.0
2015-05-14,11132.4
2015-05-15,10943.5
2015-05-16,11141.8
2015-05-17,11547.7
2015-05-18,12130.2
2015-05-19,12861.2
2015-05-20,13730.3
2015-05-21,12609.3
2015-05-22,11524.3
2015-05-23,10478.3
2015-05-24,9471.9
2015-05-25,8515.3
2015-05-26,7620.6
2015-05-27,6790.9
2015-05-28,6019.7
2015-05-29,5310.7
2015-05-30,4659.8
2015-05-31,4071.9
2015-06-01,3531.9
2015-06-02,3035.2
2015-06-03,2579.2
2015-06-04,2164.1
2015-06-05,1791.1
2015-06-06,1463.1
2015-06-07,1183.5
2015-06-08,954.3
2015-06-09,775.9
2015-06-10,661.8
2015-06-11,635.1
2015-06-12,622.3
2015-06-13,612.9
2015-06-14,607.3
2015-06-15,604.1
2015-06-16,603.4
2015-06-17,604.4
2015-06-18,607.2
2015-06-19,611.5
2015-06-20,617.6
2015-06-21,625.9
2015-06-22,635.4
2015-06-23,646.0
2015-06-24,658.5
2015-06-25,672.7
2015-06-26,687.8
2015-06-27,704.3
2015-06-28,723.5
2015-06-29,746.2
2015-06-30,772.2
2015-07-01,802.1
2015-07-02,836.8
2015-07-03,876.0
2015-07-04,920.2
2015-07-05,969.6
2015-07-06,1024.0
2015-07-07,1084.2
2015-07-08,1152.6
2015-07-09,1085.2
2015-07-10,1028.4
2015-07-11,981.8
2015-07-12,945.0
2015-07-13,916.5
2015-07-14,895.3
2015-07-15,880.1
2015-07-16,868.4
2015-07-17,858.0
2015-07-18,848.5
2015-07-19,840.1
2015-07-20,832.9
2015-07-21,827.0
2015-07-22,823.1
2015-07-23,821.7
2015-07-24,823.4
2015-07-25,829.1
2015-07-26,841.0
2015-07-27,861.1
2015-07-28,892.2
2015-07-29,937.7
2015-07-30,1000.0
2015-07-31,1080.4
2015-08-01,1172.2
2015-08-02,1274.6
2015-08-03,1386.9
2015-08-04,1507.7
2015-08-05,1636.9
2015-08-06,1770.2
2015-08-07,1912.5
2015-08-08,2063.0
2015-08-09,2220.5
2015-08-10,2384.4
2015-08-11,2554.6
2015-08-12,2729.8
2015-08-13,2910.0
2015-08-14,3094.7
2015-08-15,3284.5
2015-08-16,3479.7
2015-08-17,3679.6
2015-08-18,3883.5
2015-08-19,4093.6
2015-08-20,4308.7
2015-08-21,4529.6
2015-08-22,4756.2
2015-08-23,4989.1
2015-08-24,5229.4
2015-08-25,5479.7
2015-08-26,5738.5
2015-08-27,6008.0
2015-08-28,6013.4
2015-08-29,6026.5
2015-08-30,6043.1
2015-08-31,6061.1
2015-09-01,6080.3
2015-09-02,6100.6
2015-09-03,6122.4
2015-09-04,6145.7
2015-09-05,6170.1
2015-09-06,6195.7
2015-09-07,6222.1
2015-09-08,6249.5
2015-09-09,6277.9
2015-09-10,6307.2
2015-09-11,6337.7
2015-09-12,6369.9
2015-09-13,6403.3
2015-09-14,6437.7
2015-09-15,6473.2
2015-09-16,6509.7
2015-09-17,6547.8
2015-09-18,6588.0
2015-09-19,6630.5
2015-09-20,6675.4
2015-09-21,6723.9
2015-09-22,6775.6
2015-09-23,6832.4
2015-09-24,6895.4
2015-09-25,6966.5
2015-09-26,6970.5
2015-09-27,6977.6
2015-09-28,6987.8
2015-09-29,7001.6
2015-09-30,7019.9
2015-10-01,7035.5
2015-10-02,7055.3
2015-10-03,7079.2
2015-10-04,7108.0
2015-10-05,7142.9
2015-10-06,7187.7
2015-10-07,7245.8
2015-10-08,7319.7
2015-10-09,7409.4
2015-10-10,7509.8
2015-10-11,7620.2
2015-10-12,7738.4
2015-10-13,7863.1
2015-10-14,7994.5
2015-10-15,8132.0
2015-10-16,8275.0
2015-10-17,8423.6
2015-10-18,8577.1
2015-10-19,8735.4
2015-10-20,8899.0
2015-10-21,9067.2
2015-10-22,9240.3
2015-10-23,9417.3
2015-10-24,9599.2
2015-10-25,9790.0
2015-10-26,9996.8
2015-10-27,10223.6
2015-10-28,10471.1
2015-10-29,10740.0
2015-10-30,10459.7
2015-10-31,10190.7
2015-11-01,9928.4
2015-11-02,9671.3
2015-11-03,9419.3
2015-11-04,9173.2
2015-11-05,8932.4
2015-11-06,8696.9
2015-11-07,8467.0
2015-11-08,8242.9
2015-11-09,8024.2
2015-11-10,7811.5
2015-11-11,7605.0
2015-11-12,7404.0
2015-11-13,7209.1
2015-11-14,7018.7
2015-11-15,6833.6
2015-11-16,6654.5
2015-11-17,6483.0
2015-11-18,6316.6
2015-11-19,6155.2
2015-11-20,5999.6
2015-11-21,5850.9
2015-11-22,5708.4
2015-11-23,5572.0
2015-11-24,5441.7
2015-11-25,5318.8
2015-11-26,5121.2
2015-11-27,4930.6
2015-11-28,4747.6
2015-11-29,4573.1
2015-11-30,4406.1
2015-12-01,4247.7
2015-12-02,4096.9
2015-12-03,3956.0
2015-12-04,3823.7
2015-12-05,3700.5
2015-12-06,3587.6
2015-12-07,3484.5
2015-12-08,3393.0
2015-12-09,3318.4
2015-12-10,3266.9
2015-12-11,3227.0
2015-12-12,3195.0
2015-12-13,3168.6
2015-12-14,3148.4
2015-12-15,3134.9
2015-12-16,3126.7
2015-12-17,3126.2
2015-12-18,3133.5
2015-12-19,3150.7
2015-12-20,3176.7
2015-12-21,3216.3
2015-12-22,3270.8
2015-12-23,3346.1
2015-12-24,3442.7
2015-12-25,3565.2
2015-12-26,3714.2
2015-12-27,3890.9
2015-12-28,4095.6
2015-12-29,4329.3
2015-12-30,4597.4
2015-12-31,4904.7
2016-01-01,5251.1
2016-01-02,5636.8
2016-01-03,6061.7
2016-01-04,6524.9
2016-01-05,7031.1
2016-01-06,7583.9
2016-01-07,8182.1
2016-01-08,8821.9
2016-01-09,9503.9
2016-01-10,10226.1
2016-01-11,10985.3
2016-01-12,11783.8
2016-01-13,12624.8
2016-01-14,11842.5
2016-01-15,11106.2
2016-01-16,10412.7
2016-01-17,9763.0
2016-01-18,9168.8
2016-01-19,8646.9
2016-01-20,8208.1
2016-01-21,7856.7
2016-01-22,7598.7
2016-01-23,7426.1
2016-01-24,7326.3
2016-01-25,7286.3
2016-01-26,7288.5
2016-01-27,7324.0
2016-01-28,7069.6
2016-01-29,6844.3
2016-01-30,6647.3
2016-01-31,6471.2
2016-02-01,6312.6
2016-02-02,6171.0
2016-02-03,6045.6
2016-02-04,5935.3
2016-02-05,5840.4
2016-02-06,5758.5
2016-02-07,5689.5
2016-02-08,5633.4
2016-02-09,5587.3
2016-02-10,5551.4
2016-02-11,5525.4
2016-02-12,5509.5
2016-02-13,5500.4
2016-02-14,5497.0
2016-02-15,5498.9
2016-02-16,5506.7
2016-02-17,5522.1
2016-02-18,5543.0
2016-02-19,5569.0
2016-02-20,5600.7
2016-02-21,5639.1
2016-02-22,5683.7
2016-02-23,5734.8
2016-02-24,5793.1
2016-02-25,5859.5
2016-02-26,5934.6
2016-02-27,6015.9
2016-02-28,6103.4
2016-02-29,6197.2
2016-03-01,6296.6
2016-03-02,6402.1
2016-03-03,6514.0
2016-03-04,6631.1
2016-03-05,6755.4
2016-03-06,6885.8
2016-03-07,7027.0
2016-03-08,7182.1
2016-03-09,7356.8
2016-03-10,7552.4
2016-03-11,7771.0
2016-03-12,8015.3
2016-03-13,8288.4
2016-03-14,8594.1
2016-03-15,8935.2
2016-03-16,9312.7
2016-03-17,9722.2
2016-03-18,9117.9
2016-03-19,8541.1
2016-03-20,7993.8
2016-03-21,7474.6
2016-03-22,6984.2
2016-03-23,6524.0
2016-03-24,6095.1
2016-03-25,5699.7
2016-03-26,5337.9
2016-03-27,5026.2
2016-03-28,4778.6
2016-03-29,4589.5
2016-03-30,4459.5
2016-03-31,4397.4
2016-04-01,4391.4
2016-04-02,4430.0
2016-04-03,4516.5
2016-04-04,4650.1
2016-04-05,4828.2
2016-04-06,5052.2
2016-04-07,5316.6
2016-04-08,5622.8
2016-04-09,5964.5
2016-04-10,6087.6
2016-04-11,6241.4
2016-04-12,6437.4
2016-04-13,6673.5
2016-04-14,6938.8
2016-04-15,7234.8
2016-04-16,7563.1
2016-04-17,7922.3
2016-04-18,8312.4
2016-04-19,8732.9
2016-04-20,9181.9
2016-04-21,9662.3
2016-04-22,10173.4
2016-04-23,10718.8
2016-04-24,11303.0
2016-04-25,11924.3
2016-04-26,12582.6
2016-04-27,13272.0
2016-04-28,13990.5
2016-04-29,14733.3
2016-04-30,15500.7
2016-05-01,16296.1
2016-05-02,17126.2
2016-05-03,17996.6
2016-05-04,18916.5
2016-05-05,19898.5
2016-05-06,20969.7
2016-05-07,22118.3
2016-05-08,23331.3
2016-05-09,24608.1
2016-05-10,25947.4
2016-05-11,27348.4
2016-05-12,28805.7
2016-05-13,30317.3
2016-05-14,31880.0
2016-05-15,33493.7
2016-05-16,35157.4
2016-05-17,36869.5
2016-05-18,38633.7
2016-05-19,34213.5
2016-05-20,30075.1
2016-05-21,26222.2
2016-05-22,22689.9
2016-05-23,19526.9
2016-05-24,16811.9
2016-05-25,14670.6
2016-05-26,13061.6
2016-05-27,11833.2
2016-05-28,10798.6
2016-05-29,9847.5
2016-05-30,8976.1
2016-05-31,8183.8
2016-06-01,7513.5
2016-06-02,7137.2
2016-06-03,7234.1
2016-06-04,7745.3
2016-06-05,8548.8
2016-06-06,9680.0
2016-06-07,11139.6
2016-06-08,12911.7
2016-06-09,11201.3
2016-06-10,9619.5
2016-06-11,8214.7
2016-06-12,7041.8
2016-06-13,6103.7
2016-06-14,5432.5
2016-06-15,4970.4
2016-06-16,4651.8
2016-06-17,4449.6
2016-06-18,4352.7
2016-06-19,4359.1
2016-06-20,4462.9
2016-06-21,4652.8
2016-06-22,4916.1
2016-06-23,5238.8
2016-06-24,5615.9
2016-06-25,6043.5
2016-06-26,6515.9
2016-06-27,7034.3
2016-06-28,7596.1
2016-06-29,8199.6
2016-06-30,7809.7
2016-07-01,7442.5
2016-07-02,7099.9
2016-07-03,6782.3
2016-07-04,6489.2
2016-07-05,6222.9
2016-07-06,5982.7
2016-07-07,5771.9
2016-07-08,5590.2
2016-07-09,5438.6
2016-07-10,5318.9
2016-07-11,5231.8
2016-07-12,5179.6
2016-07-13,5163.3
2016-07-14,4559.2
2016-07-15,3995.5
2016-07-16,3475.5
2016-07-17,2997.7
2016-07-18,2563.4
2016-07-19,2171.5
2016-07-20,1826.2
2016-07-21,1531.4
2016-07-22,1298.4
2016-07-23,1131.4
2016-07-24,1030.7
2016-07-25,976.8
2016-07-26,947.1
2016-07-27,936.7
2016-07-28,941.5
2016-07-29,959.2
2016-07-30,986.9
2016-07-31,1022.5
2016-08-01,1063.2
2016-08-02,1107.8
2016-08-03,1155.6
2016-08-04,1206.9
2016-08-05,1262.0
2016-08-06,1321.0
2016-08-07,1383.3
2016-08-08,1449.8
2016-08-09,1452.8
2016-08-10,1464.2
2016-08-11,1486.1
2016-08-12,1516.2
2016-08-13,1553.6
2016-08-14,1597.9
2016-08-15,1649.2
2016-08-16,1707.8
2016-08-17,1778.6
2016-08-18,1892.3
2016-08-19,2054.7
2016-08-20,2263.5
2016-08-21,2510.8
2016-08-22,2792.5
2016-08-23,3110.9
2016-08-24,3475.8
2016-08-25,3895.8
2016-08-26,4375.2
2016-08-27,4913.0
2016-08-28,5516.0
2016-08-29,6183.5
2016-08-30,6915.6
2016-08-31,7712.0
2016-09-01,8579.8
2016-09-02,8421.0
2016-09-03,8264.5
2016-09-04,8110.1
2016-09-05,7958.5
2016-09-06,7809.5
2016-09-07,7662.8
2016-09-08,7518.2
2016-09-09,7376.3
2016-09-10,7236.9
2016-09-11,7099.8
2016-09-12,6965.2
2016-09-13,6833.2
2016-09-14,6704.1
2016-09-15,6577.9
2016-09-16,6454.2
2016-09-17,6333.5
2016-09-18,6215.8
2016-09-19,6100.8
2016-09-20,5988.2
2016-09-21,5878.3
2016-09-22,5771.1
2016-09-23,5666.5
2016-09-24,5564.9
2016-09-25,5465.9
2016-09-26,5369.7
2016-09-27,5276.0
2016-09-28,5185.6
2016-09-29,5097.8
2016-09-30,5013.0
2016-10-01,4931.1
2016-10-02,4852.2
2016-10-03,4776.3
2016-10-04,4703.0
2016-10-05,4633.0
2016-10-06,4565.3
2016-10-07,4500.5
2016-10-08,4439.0
2016-10-09,4380.9
2016-10-10,4326.7
2016-10-11,4276.8
2016-10-12,4230.7
2016-10-13,4189.6
2016-10-14,4153.1
2016-10-15,4121.5
2016-10-16,4095.7
2016-10-17,4075.3
2016-10-18,4060.7
2016-10-19,4052.2
2016-10-20,3938.0
2016-10-21,3825.9
2016-10-22,3716.1
2016-10-23,3608.7
2016-10-24,3503.1
2016-10-25,3400.4
2016-10-26,3299.6
2016-10-27,3201.4
2016-10-28,3105.7
2016-10-29,3012.6
2016-10-30,2922.2
2016-10-31,2834.3
2016-11-01,2749.2
2016-11-02,2667.1
2016-11-03,2588.1
2016-11-04,2512.0
2016-11-05,2440.0
2016-11-06,2374.2
2016-11-07,2320.3
2016-11-08,2278.4
2016-11-09,2239.2
2016-11-10,2201.6
2016-11-11,2165.2
2016-11-12,2130.2
2016-11-13,2096.6
2016-11-14,2064.4
2016-11-15,2033.2
2016-11-16,2003.0
2016-11-17,1973.7
2016-11-18,1945.7
2016-11-19,1919.0
2016-11-20,1893.3
2016-11-21,1868.5
2016-11-22,1844.7
2016-11-23,1822.0
2016-11-24,1800.3
2016-11-25,1779.5
2016-11-26,1759.5
2016-11-27,1740.3
2016-11-28,1722.1
2016-11-29,1705.2
2016-11-30,1689.0
2016-12-01,1673.6
2016-12-02,1659.3
2016-12-03,1645.8
2016-12-04,1633.2
2016-12-05,1621.4
2016-12-06,1610.4
2016-12-07,1600.1
2016-12-08,1590.6
2016-12-09,1582.1
2016-12-10,1087.6
2016-12-11,777.5
2016-12-12,620.6
2016-12-13,524.7
2016-12-14,460.8
2016-12-15,418.7
2016-12-16,390.2
2016-12-17,369.3
2016-12-18,350.9
2016-12-19,334.8
2016-12-20,321.1
2016-12-21,309.5
2016-12-22,299.8
2016-12-23,291.8
2016-12-24,285.5
2016-12-25,280.8
2016-12-26,277.4
2016-12-27,275.3
2016-12-28,274.1
2016-12-29,273.7
2016-12-30,273.5
2016-12-31,273.3
2017-01-01,273.0
2017-01-02,272.8
2017-01-03,272.6
2017-01-04,272.4
2017-01-05,272.1
2017-01-06,271.9
2017-01-07,271.7
2017-01-08,271.4
2017-01-09,271.2
2017-01-10,271.0
2017-01-11,270.7
2017-01-12,270.5
2017-01-13,270.3
2017-01-14,270.0
2017-01-15,269.8
2017-01-16,269.6
2017-01-17,269.4
2017-01-18,269.1
2017-01-19,268.9
2017-01-20,268.7
2017-01-21,268.4
2017-01-22,268.2
2017-01-23,268.0
2017-01-24,267.8
2017-01-25,267.5
2017-01-26,267.3
2017-01-27,267.1
2017-01-28,266.8
2017-01-29,266.6
2017-01-30,266.4
2017-01-31,266.2
2017-02-01,266.0
2017-02-02,265.8
2017-02-03,265.5
2017-02-04,265.3
2017-02-05,265.1
2017-02-06,264.9
2017-02-07,264.7
2017-02-08,264.5
2017-02-09,264.3
2017-02-10,264.0
2017-02-11,263.8
2017-02-12,263.6
2017-02-13,263.4
2017-02-14,263.2
2017-02-15,263.0
2017-02-16,262.8
2017-02-17,262.5
2017-02-18,262.3
2017-02-19,262.1
2017-02-20,261.9
2017-02-21,261.7
2017-02-22,261.5
2017-02-23,261.3
2017-02-24,261.0
2017-02-25,260.8
2017-02-26,260.6
2017-02-27,260.4
2017-02-28,260.2
2017-03-01,260.0
2017-03-02,259.8
2017-03-03,259.5
2017-03-04,259.3
2017-03-05,259.1
2017-03-06,258.9
2017-03-07,258.7
2017-03-08,258.5
2017-03-09,258.3
2017-03-10,258.0
2017-03-11,257.8
2017-03-12,257.6
2017-03-13,257.4
2017-03-14,257.2
2017-03-15,257.0
2017-03-16,256.8
2017-03-17,256.6
2017-03-18,256.4
2017-03-19,256.1
2017-03-20,255.9
2017-03-21,255.7
2017-03-22,255.5
2017-03-23,255.3
2017-03-24,255.1
2017-03-25,254.9
2017-03-26,254.7
2017-03-27,254.5
2017-03-28,254.3
2017-03-29,254.1
2017-03-30,253.9
2017-03-31,253.6
2017-04-01,253.4
2017-04-02,253.2
2017-04-03,253.0
2017-04-04,252.8
2017-04-05,252.6
2017-04-06,252.4
2017-04-07,252.2
2017-04-08,252.0
2017-04-09,251.8
2017-04-10,251.6
2017-04-11,251.4
2017-04-12,251.2
2017-04-13,251.0
2017-04-14,250.8
2017-04-15,250.6
2017-04-16,250.4
2017-04-17,250.2
2017-04-18,250.0
2017-04-19,249.8
2017-04-20,249.6
2017-04-21,249.4
2017-04-22,249.2
2017-04-23,249.0
2017-04-24,248.8
2017-04-25,248.6
2017-04-26,248.4
2017-04-27,248.2
2017-04-28,248.0
2017-04-29,247.8
2017-04-30,247.6
2017-05-01,247.4
2017-05-02,247.3
2017-05-03,247.1
2017-05-04,246.9
2017-05-05,246.7
2017-05-06,246.5
2017-05-07,246.3
2017-05-08,246.1
2017-05-09,245.9
2017-05-10,245.7
2017-05-11,245.5
2017-05-12,245.3
2017-05-13,245.1
2017-05-14,244.9
2017-05-15,244.7
2017-05-16,244.6
2017-05-17,244.5
2017-05-18,244.9
2017-05-19,246.2
2017-05-20,248.6
2017-05-21,252.0
2017-05-22,257.0
2017-05-23,263.2
2017-05-24,270.8
2017-05-25,279.6
2017-05-26,289.7
2017-05-27,301.1
2017-05-28,313.7
2017-05-29,327.1
2017-05-30,341.7
2017-05-31,357.2
2017-06-01,373.7
2017-06-02,390.7
2017-06-03,408.9
2017-06-04,427.5
2017-06-05,448.1
2017-06-06,469.6
2017-06-07,476.6
2017-06-08,484.3
2017-06-09,491.9
2017-06-10,499.6
2017-06-11,507.6
2017-06-12,515.8
2017-06-13,524.2
2017-06-14,532.7
2017-06-15,541.5
2017-06-16,550.4
2017-06-17,559.5
2017-06-18,568.8
2017-06-19,578.3
2017-06-20,588.1
2017-06-21,598.2
2017-06-22,608.5
2017-06-23,618.9
2017-06-24,629.6
2017-06-25,640.5
2017-06-26,651.6
2017-06-27,663.0
2017-06-28,674.7
2017-06-29,686.4
2017-06-30,698.5
2017-07-01,710.8
2017-07-02,723.2
2017-07-03,736.0
2017-07-04,749.1
2017-07-05,762.5
2017-07-06,776.1
2017-07-07,790.0
2017-07-08,804.2
2017-07-09,818.7
2017-07-10,833.5
2017-07-11,848.6
2017-07-12,864.0
2017-07-13,879.7
2017-07-14,895.7
2017-07-15,912.0
2017-07-16,928.6
2017-07-17,945.8
2017-07-18,963.2
2017-07-19,980.9
2017-07-20,999.0
2017-07-21,1017.4
2017-07-22,1036.4
2017-07-23,1055.8
2017-07-24,1075.6
2017-07-25,1095.9
2017-07-26,1117.0
2017-07-27,1108.9
2017-07-28,1101.1
2017-07-29,1093.6
2017-07-30,1086.5
2017-07-31,1079.6
2017-08-01,1073.2
2017-08-02,1067.1
2017-08-03,1061.4
2017-08-04,1056.1
2017-08-05,1051.1
2017-08-06,1046.4
2017-08-07,1041.9
2017-08-08,1037.7
2017-08-09,1033.8
2017-08-10,1030.1
2017-08-11,1026.7
2017-08-12,1023.4
2017-08-13,1020.5
2017-08-14,1017.7
2017-08-15,1015.1
2017-08-16,1012.8
2017-08-17,1010.7
2017-08-18,1008.8
2017-08-19,1007.1
2017-08-20,1005.7
2017-08-21,1004.4
2017-08-22,1003.4
2017-08-23,1002.7
2017-08-24,1002.2
2017-08-25,1002.0
2017-08-26,1002.1
2017-08-27,1002.4
2017-08-28,1003.0
2017-08-29,1003.8
2017-08-30,1005.6
2017-08-31,1012.7
2017-09-01,1027.7
2017-09-02,1050.4
2017-09-03,1069.9
2017-09-04,1091.5
2017-09-05,1115.2
2017-09-06,1141.0
2017-09-07,1168.4
2017-09-08,1197.3
2017-09-09,1227.9
2017-09-10,1260.0
2017-09-11,1293.8
2017-09-12,1330.2
2017-09-13,1369.5
2017-09-14,1413.1
2017-09-15,1463.5
2017-09-16,1420.3
2017-09-17,1378.4
2017-09-18,1338.7
2017-09-19,1300.3
2017-09-20,1263.2
2017-09-21,1227.7
2017-09-22,1193.8
2017-09-23,1160.9
2017-09-24,1129.4
2017-09-25,1099.2
2017-09-26,1069.8
2017-09-27,1041.4
2017-09-28,1013.8
2017-09-29,987.2
2017-09-30,961.6
2017-10-01,936.4
2017-10-02,912.3
2017-10-03,888.8
2017-10-04,866.3
2017-10-05,844.4
2017-10-06,823.3
2017-10-07,803.0
2017-10-08,783.2
2017-10-09,764.0
2017-10-10,746.5
2017-10-11,733.3
2017-10-12,724.4
2017-10-13,719.4
2017-10-14,717.6
2017-10-15,718.0
2017-10-16,719.3
2017-10-17,720.9
2017-10-18,723.0
2017-10-19,725.6
2017-10-20,728.5
2017-10-21,731.8
2017-10-22,735.5
2017-10-23,739.5
2017-10-24,743.7
2017-10-25,748.1
2017-10-26,732.4
2017-10-27,717.3
2017-10-28,703.0
2017-10-29,689.5
2017-10-30,676.9
2017-10-31,665.0
2017-11-01,653.8
2017-11-02,643.2
2017-11-03,633.2
2017-11-04,623.9
2017-11-05,615.1
2017-11-06,606.4
2017-11-07,597.9
2017-11-08,589.6
2017-11-09,599.3
2017-11-10,609.0
2017-11-11,619.0
2017-11-12,629.2
2017-11-13,639.6
2017-11-14,650.2
2017-11-15,661.0
2017-11-16,672.0
2017-11-17,683.3
2017-11-18,694.8
2017-11-19,706.5
2017-11-20,718.5
2017-11-21,730.8
2017-11-22,743.3
2017-11-23,756.1
2017-11-24,769.1
2017-11-25,782.3
2017-11-26,795.9
2017-11-27,809.5
2017-11-28,823.6
2017-11-29,837.9
2017-11-30,852.3
2017-12-01,867.1
2017-12-02,882.1
2017-12-03,897.3
2017-12-04,912.7
2017-12-05,928.4
2017-12-06,944.2
2017-12-07,960.4
2017-12-08,976.7
2017-12-09,993.3
2017-12-10,1010.0
2017-12-11,1026.9
2017-12-12,1044.0
2017-12-13,1061.3
2017-12-14,1078.7
2017-12-15,1096.3
2017-12-16,1114.1
2017-12-17,1131.9
2017-12-18,1149.9
2017-12-19,1168.1
2017-12-20,1186.4
2017-12-21,1204.7
2017-12-22,1223.2
2017-12-23,1241.8
2017-12-24,1260.5
2017-12-25,1279.4
2017-12-26,1298.3
2017-12-27,1317.4
2017-12-28,1336.5
2017-12-29,1355.7
2017-12-30,1375.1
2017-12-31,1394.5
2018-01-01,1414.0
2018-01-02,1433.6
2018-01-03,1453.3
2018-01-04,1473.0
2018-01-05,1492.9
2018-01-06,1512.8
2018-01-07,1532.8
2018-01-08,1552.9
2018-01-09,1573.1
2018-01-10,1593.3
2018-01-11,1613.6
2018-01-12,1574.4
2018-01-13,1535.7
2018-01-14,1497.6
2018-01-15,1460.0
2018-01-16,1423.0
2018-01-17,1386.5
2018-01-18,1350.5
2018-01-19,1315.1
2018-01-20,1280.3
2018-01-21,1245.9
2018-01-22,1212.2
2018-01-23,1178.9
2018-01-24,1146.2
2018-01-25,1114.1
2018-01-26,1082.5
2018-01-27,1051.5
2018-01-28,1021.0
2018-01-29,991.3
2018-01-30,962.2
2018-01-31,933.5
2018-02-01,905.5
2018-02-02,878.2
2018-02-03,851.4
2018-02-04,825.1
2018-02-05,799.7
2018-02-06,774.8
2018-02-07,750.4
2018-02-08,726.7
2018-02-09,703.6
2018-02-10,681.0
2018-02-11,658.9
2018-02-12,637.6
2018-02-13,616.9
2018-02-14,596.7
2018-02-15,577.0
2018-02-16,557.9
2018-02-17,539.4
2018-02-18,521.3
2018-02-19,503.9
2018-02-20,486.9
2018-02-21,470.6
2018-02-22,454.7
2018-02-23,439.4
2018-02-24,424.5
2018-02-25,410.0
2018-02-26,396.1
2018-02-27,382.6
2018-02-28,407.0
2018-03-01,436.8
2018-03-02,474.8
2018-03-03,524.2
2018-03-04,587.9
2018-03-05,667.9
2018-03-06,769.1
2018-03-07,897.0
2018-03-08,765.7
2018-03-09,650.6
2018-03-10,551.0
2018-03-11,466.3
2018-03-12,397.4
2018-03-13,343.3
2018-03-14,302.2
2018-03-15,272.1
2018-03-16,250.6
2018-03-17,235.3
2018-03-18,224.4
2018-03-19,216.5
2018-03-20,210.9
2018-03-21,220.8
2018-03-22,237.2
2018-03-23,262.8
2018-03-24,300.4
2018-03-25,353.0
2018-03-26,423.1
2018-03-27,518.4
2018-03-28,645.4
2018-03-29,815.9
2018-03-30,1044.6
2018-03-31,1347.2
2018-04-01,1738.4
2018-04-02,2223.5
2018-04-03,2769.6
2018-04-04,3352.5
2018-04-05,3157.9
2018-04-06,3113.1
2018-04-07,2339.2
2018-04-08,643.5
2018-04-09,747.3
2018-04-10,875.3
2018-04-11,1435.4
2018-04-12,1410.7
2018-04-13,1890.6
2018-04-14,1751.9
2018-04-15,1844.0
2018-04-16,1880.9
2018-04-17,3730.9
2018-04-18,5018.0
2018-04-19,5599.1
2018-04-20,5236.8
2018-04-21,5961.8
2018-04-22,8096.0
2018-04-23,6889.2
2018-04-24,6130.2
2018-04-25,5941.7
2018-04-26,6127.1
2018-04-27,4781.0
2018-04-28,5165.4
2018-04-29,5589.2
2018-04-30,7676.6
2018-05-01,9085.2
2018-05-02,10200.0
2018-05-03,11652.8
2018-05-04,11523.2
2018-05-05,11668.4
2018-05-06,12133.4
2018-05-07,12397.2
2018-05-08,13467.1
2018-05-09,14873.7
2018-05-10,16249.5
2018-05-11,17755.7
2018-05-12,16291.4
2018-05-13,15063.3
2018-05-14,14042.2
2018-05-15,13192.8
2018-05-16,12546.2
2018-05-17,12127.6
2018-05-18,11819.1
2018-05-19,12978.3
2018-05-20,13023.4
2018-05-21,14075.5
2018-05-22,13900.6
2018-05-23,14258.1
2018-05-24,19362.3
2018-05-25,25828.3
2018-05-26,25588.7
2018-05-27,25885.3
2018-05-28,26698.6
2018-05-29,28435.9
2018-05-30,31523.9
2018-05-31,30776.1
2018-06-01,30062.5
2018-06-02,29387.0
2018-06-03,28734.2
2018-06-04,28099.8
2018-06-05,27223.1
2018-06-06,26363.5
2018-06-07,25521.0
2018-06-08,24699.2
2018-06-09,23905.5
2018-06-10,23147.3
2018-06-11,22411.8
2018-06-12,21693.2
2018-06-13,20995.6
2018-06-14,20687.8
2018-06-15,20398.7
2018-06-16,20124.9
2018-06-17,19877.5
2018-06-18,19667.0
2018-06-19,19481.7
2018-06-20,19312.0
2018-06-21,18963.5
2018-06-22,18624.1
2018-06-23,18293.6
2018-06-24,17971.2
2018-06-25,17657.5
2018-06-26,17352.7
2018-06-27,17056.4
2018-06-28,16768.4
2018-06-29,16488.7
2018-06-30,16217.2
2018-07-01,15953.1
2018-07-02,15695.8
2018-07-03,15446.2
2018-07-04,15203.8
2018-07-05,14968.0
2018-07-06,14738.5
2018-07-07,14516.0
2018-07-08,14300.7
2018-07-09,14091.8
2018-07-10,13889.4
2018-07-11,13693.0
2018-07-12,13502.0
2018-07-13,13316.8
2018-07-14,13137.7
2018-07-15,12964.4
2018-07-16,12796.4
2018-07-17,12634.3
2018-07-18,12477.7
2018-07-19,12327.5
2018-07-20,12182.6
2018-07-21,12043.5
2018-07-22,11909.7
2018-07-23,11781.9
2018-07-24,11659.9
2018-07-25,11543.9
2018-07-26,11434.1
2018-07-27,11331.2
2018-07-28,11235.1
2018-07-29,11144.5
2018-07-30,11060.6
2018-07-31,10982.2
2018-08-01,10909.2
2018-08-02,10951.8
2018-08-03,10996.0
2018-08-04,11041.9
2018-08-05,11090.3
2018-08-06,11141.1
2018-08-07,11194.5
2018-08-08,11251.0
2018-08-09,11310.3
2018-08-10,11371.8
2018-08-11,11436.4
2018-08-12,11505.4
2018-08-13,11578.4
2018-08-14,11654.2
2018-08-15,11734.2
2018-08-16,11689.0
2018-08-17,11649.1
2018-08-18,11614.3
2018-08-19,11584.3
2018-08-20,11558.3
2018-08-21,11533.9
2018-08-22,11509.7
2018-08-23,11485.6
2018-08-24,11461.7
2018-08-25,11438.1
2018-08-26,11414.7
2018-08-27,11391.6
2018-08-28,11368.7
2018-08-29,11346.0
2018-08-30,11323.7
2018-08-31,11301.6
2018-09-01,11279.7
2018-09-02,11258.0
2018-09-03,11236.3
2018-09-04,11215.1
2018-09-05,11193.9
2018-09-06,11172.9
2018-09-07,11152.1
2018-09-08,11131.4
2018-09-09,11110.9
2018-09-10,11090.7
2018-09-11,11070.8
2018-09-12,11051.2
2018-09-13,11031.8
2018-09-14,11012.7
2018-09-15,10993.8
2018-09-16,10975.1
2018-09-17,10956.5
2018-09-18,10938.2
2018-09-19,10920.1
2018-09-20,10507.4
2018-09-21,10102.2
2018-09-22,9705.1
2018-09-23,9317.3
2018-09-24,8938.4
2018-09-25,8569.4
2018-09-26,8210.1
2018-09-27,8128.1
2018-09-28,8059.2
2018-09-29,8001.0
2018-09-30,7949.9
2018-10-01,7903.2
2018-10-02,7860.4
2018-10-03,7821.1
2018-10-04,7785.3
2018-10-05,7753.0
2018-10-06,7724.2
2018-10-07,7698.4
2018-10-08,7675.8
2018-10-09,7657.0
2018-10-10,7641.6
2018-10-11,7268.7
2018-10-12,6907.0
2018-10-13,6560.8
2018-10-14,6220.9
2018-10-15,5892.3
2018-10-16,5570.7
2018-10-17,5258.7
2018-10-18,4956.1
2018-10-19,4664.3
2018-10-20,4383.7
2018-10-21,4121.6
2018-10-22,3881.5
2018-10-23,3652.7
2018-10-24,3432.4
2018-10-25,3219.0
2018-10-26,3012.3
2018-10-27,2811.2
2018-10-28,2613.9
2018-10-29,2423.0
2018-10-30,2237.4
2018-10-31,2056.8
2018-11-01,1882.4
2018-11-02,1807.6
2018-11-03,1744.6
2018-11-04,1692.1
2018-11-05,1650.1
2018-11-06,1619.9
2018-11-07,1599.5
2018-11-08,1590.4
2018-11-09,1591.1
2018-11-10,1601.5
2018-11-11,1626.3
2018-11-12,1664.8
2018-11-13,1718.9
2018-11-14,1789.0
2018-11-15,1872.5
2018-11-16,1971.8
2018-11-17,2085.4
2018-11-18,2212.7
2018-11-19,2356.1
2018-11-20,2514.9
2018-11-21,2690.9
2018-11-22,2885.9
2018-11-23,3101.6
2018-11-24,3339.4
2018-11-25,3601.9
2018-11-26,3888.7
2018-11-27,4200.5
2018-11-28,4537.3
2018-11-29,3523.9
2018-11-30,2677.7
2018-12-01,2014.2
2018-12-02,1547.0
2018-12-03,1264.4
2018-12-04,1092.1
2018-12-05,952.4
2018-12-06,836.8
2018-12-07,744.5
2018-12-08,675.4
2018-12-09,627.1
2018-12-10,593.5
2018-12-11,608.7
2018-12-12,545.0
2018-12-13,523.9
2018-12-14,504.5
2018-12-15,486.8
2018-12-16,470.4
2018-12-17,455.1
2018-12-18,441.0
2018-12-19,2362.6
2018-12-20,1739.6
2018-12-21,1178.2
2018-12-22,691.9
2018-12-23,422.3
2018-12-24,376.4
2018-12-25,369.1
2018-12-26,362.8
2018-12-27,357.7
2018-12-28,353.9
2018-12-29,352.1
2018-12-30,351.9
2018-12-31,353.3
2019-01-01,356.6
2019-01-02,373.5
2019-01-03,430.7
2019-01-04,523.2
2019-01-05,420.1
2019-01-06,628.7
2019-01-07,876.0
2019-01-08,466.5
2019-01-09,758.9
2019-01-10,962.2
2019-01-11,607.0
2019-01-12,660.3
2019-01-13,735.7
2019-01-14,820.7
2019-01-15,922.2
2019-01-16,1041.7
2019-01-17,1189.9
2019-01-18,1394.2
2019-01-19,1647.7
2019-01-20,1936.0
2019-01-21,4645.4
2019-01-22,3912.8
2019-01-23,3303.8
2019-01-24,3374.9
2019-01-25,3772.0
2019-01-26,4204.4
2019-01-27,4654.0
2019-01-28,5119.7
2019-01-29,6405.9
2019-01-30,8981.6
2019-01-31,7180.8
2019-02-01,7594.5
2019-02-02,7671.1
2019-02-03,8141.5
2019-02-04,8680.8
2019-02-05,9228.5
2019-02-06,9789.6
2019-02-07,10371.4
2019-02-08,9197.0
2019-02-09,8104.0
2019-02-10,7083.1
2019-02-11,6138.4
2019-02-12,5266.1
2019-02-13,4467.2
2019-02-14,3743.4
2019-02-15,3096.4
2019-02-16,2526.0
2019-02-17,2029.1
2019-02-18,1605.9
2019-02-19,1253.2
2019-02-20,969.1
2019-02-21,748.9
2019-02-22,585.4
2019-02-23,466.9
2019-02-24,382.8
2019-02-25,326.1
2019-02-26,292.9
2019-02-27,278.3
2019-02-28,278.7
2019-03-01,292.1
2019-03-02,316.6
2019-03-03,350.4
2019-03-04,392.3
2019-03-05,441.5
2019-03-06,495.7
2019-03-07,555.3
2019-03-08,620.9
2019-03-09,691.9
2019-03-10,767.6
2019-03-11,848.2
2019-03-12,934.8
2019-03-13,1026.8
2019-03-14,1289.6
2019-03-15,1481.9
2019-03-16,1708.5
2019-03-17,1981.2
2019-03-18,2278.2
2019-03-19,2579.2
2019-03-20,2889.6
2019-03-21,3214.8
2019-03-22,3567.4
2019-03-23,3969.8
2019-03-24,4416.8
2019-03-25,4896.6
2019-03-26,5409.1
2019-03-27,5955.5
2019-03-28,6409.4
2019-03-29,6899.7
2019-03-30,7428.4
2019-03-31,7993.7
2019-04-01,8598.9
2019-04-02,9243.9
2019-04-03,9929.0
2019-04-04,10654.3
2019-04-05,11420.4
2019-04-06,12228.0
2019-04-07,13080.0
2019-04-08,13974.6
2019-04-09,14909.5
2019-04-10,15890.7
2019-04-11,16914.1
2019-04-12,17978.8
2019-04-13,19094.0
2019-04-14,20270.8
2019-04-15,21516.3
2019-04-16,22840.3
2019-04-17,24241.2
2019-04-18,25728.0
2019-04-19,24906.1
2019-04-20,24134.0
2019-04-21,23418.4
2019-04-22,22759.9
2019-04-23,22158.2
2019-04-24,21605.2
2019-04-25,21094.2
2019-04-26,20967.1
2019-04-27,20855.3
2019-04-28,20765.1
2019-04-29,20693.1
2019-04-30,20640.0
2019-05-01,20606.0
2019-05-02,20589.3
2019-05-03,21849.8
2019-05-04,21476.0
2019-05-05,21139.9
2019-05-06,22582.8
2019-05-07,19787.5
2019-05-08,19878.6
2019-05-09,19994.3
2019-05-10,20135.5
2019-05-11,20303.8
2019-05-12,20502.2
2019-05-13,20731.9
2019-05-14,20997.1
2019-05-15,21302.2
2019-05-16,21650.2
2019-05-17,20570.1
2019-05-18,19633.1
2019-05-19,18965.6
2019-05-20,18740.0
2019-05-21,13901.4
2019-05-22,13580.8
2019-05-23,16117.0
2019-05-24,20198.9
2019-05-25,16568.8
2019-05-26,14775.4
2019-05-27,14678.3
2019-05-28,15165.1
2019-05-29,15407.9
2019-05-30,15871.5
2019-05-31,16379.8
2019-06-01,16928.5
2019-06-02,17529.9
2019-06-03,18211.5
2019-06-04,18981.2
2019-06-05,19839.4
2019-06-06,20792.4
2019-06-07,21841.0
2019-06-08,23004.7
2019-06-09,24302.9
2019-06-10,25749.8
2019-06-11,30323.6
2019-06-12,32024.0
2019-06-13,37577.7
2019-06-14,39645.1
2019-06-15,39570.7
2019-06-16,39846.3
2019-06-17,40808.5
2019-06-18,42854.6
2019-06-19,45712.2
2019-06-20,48737.4
2019-06-21,51928.1
2019-06-22,55277.1
2019-06-23,58782.2
2019-06-24,62440.2
2019-06-25,66248.1
2019-06-26,70203.7
2019-06-27,57632.9
2019-06-28,46320.6
2019-06-29,36341.7
2019-06-30,27765.3
2019-07-01,21788.6
2019-07-02,18075.9
2019-07-03,11710.8
2019-07-04,8685.4
2019-07-05,6354.0
2019-07-06,4676.5
2019-07-07,3568.5
2019-07-08,2974.5
2019-07-09,2750.8
2019-07-10,1671.5
2019-07-11,1447.8
2019-07-12,1721.6
2019-07-13,2105.4
2019-07-14,2573.1
2019-07-15,3859.2
2019-07-16,2175.0
2019-07-17,4081.8
2019-07-18,2483.4
2019-07-19,2641.4
2019-07-20,1944.2
2019-07-21,1508.6
2019-07-22,1218.4
2019-07-23,1004.5
2019-07-24,831.7
2019-07-25,678.8
2019-07-26,559.1
2019-07-27,3155.5
2019-07-28,2349.5
2019-07-29,1619.1
2019-07-30,1154.3
2019-07-31,810.0
2019-08-01,532.1
2019-08-02,326.8
2019-08-03,612.0
2019-08-04,1311.0
2019-08-05,1995.3
2019-08-06,2964.6
2019-08-07,4186.5
2019-08-08,3697.1
2019-08-09,3336.3
2019-08-10,3152.3
2019-08-11,3196.2
2019-08-12,3657.8
2019-08-13,4424.8
2019-08-14,5373.5
2019-08-15,5292.2
2019-08-16,5115.9
2019-08-17,4949.5
2019-08-18,4791.9
2019-08-19,4643.6
2019-08-20,4504.1
2019-08-21,4371.5
2019-08-22,4247.8
2019-08-23,4132.1
2019-08-24,4022.7
2019-08-25,3920.4
2019-08-26,3826.3
2019-08-27,3738.8
2019-08-28,3656.6
2019-08-29,3581.2
2019-08-30,3510.1
2019-08-31,3443.3
2019-09-01,3380.2
2019-09-02,3320.6
2019-09-03,3264.7
2019-09-04,3211.6
2019-09-05,3160.4
2019-09-06,3110.6
2019-09-07,3062.1
2019-09-08,3014.3
2019-09-09,2967.3
2019-09-10,2922.0
2019-09-11,2878.1
2019-09-12,2835.0
2019-09-13,2793.1
2019-09-14,2752.5
2019-09-15,2713.2
2019-09-16,2675.3
2019-09-17,2639.0
2019-09-18,2604.7
2019-09-19,2519.9
2019-09-20,2436.5
2019-09-21,2354.8
2019-09-22,2274.4
2019-09-23,2195.2
2019-09-24,2117.5
2019-09-25,2041.2
2019-09-26,1966.0
2019-09-27,1892.7
2019-09-28,1821.1
2019-09-29,1751.8
2019-09-30,1684.0
2019-10-01,1617.9
2019-10-02,1554.0
2019-10-03,1491.4
2019-10-04,1431.0
2019-10-05,1372.9
2019-10-06,1316.8
2019-10-07,1263.4
2019-10-08,1212.3
2019-10-09,1163.7
2019-10-10,1117.6
2019-10-11,1073.7
2019-10-12,1032.2
2019-10-13,992.7
2019-10-14,955.5
2019-10-15,920.8
2019-10-16,888.9
2019-10-17,859.3
2019-10-18,833.3
2019-10-19,810.3
2019-10-20,790.7
2019-10-21,773.7
2019-10-22,758.8
2019-10-23,747.4
2019-10-24,738.9
2019-10-25,732.3
2019-10-26,726.9
2019-10-27,723.1
2019-10-28,721.3
2019-10-29,721.4
2019-10-30,723.2
2019-10-31,726.6
2019-11-01,731.7
2019-11-02,738.8
2019-11-03,747.5
2019-11-04,757.8
2019-11-05,769.8
2019-11-06,783.0
2019-11-07,797.1
2019-11-08,813.0
2019-11-09,830.2
2019-11-10,848.8
2019-11-11,868.7
2019-11-12,889.7
2019-11-13,911.9
2019-11-14,935.3
2019-11-15,909.2
2019-11-16,885.1
2019-11-17,862.4
2019-11-18,841.6
2019-11-19,822.4
2019-11-20,804.9
2019-11-21,788.8
2019-11-22,775.1
2019-11-23,763.0
2019-11-24,753.1
2019-11-25,745.5
2019-11-26,740.9
2019-11-27,740.8
2019-11-28,745.2
2019-11-29,753.8
2019-11-30,769.5
2019-12-01,791.0
2019-12-02,824.9
2019-12-03,870.8
2019-12-04,929.5
2019-12-05,931.3
2019-12-06,938.9
2019-12-07,952.3
2019-12-08,972.8
2019-12-09,1003.1
2019-12-10,1045.1
2019-12-11,1101.7
2019-12-12,1172.8
2019-12-13,1260.6
2019-12-14,1365.6
2019-12-15,1490.1
2019-12-16,1648.2
2019-12-17,1852.2
2019-12-18,2104.0
2019-12-19,2218.7
2019-12-20,2375.8
2019-12-21,2576.0
2019-12-22,2817.9
2019-12-23,3104.3
2019-12-24,3438.6
2019-12-25,3813.7
2019-12-26,4234.3
2019-12-27,4694.0
2019-12-28,5196.0
2019-12-29,5739.3
2019-12-30,6323.2
2019-12-31,6947.7
2020-01-01,7616.1
2020-01-02,8327.8
2020-01-03,9092.1
2020-01-04,9921.0
2020-01-05,10811.3
2020-01-06,11749.6
2020-01-07,12734.8
2020-01-08,13764.7
2020-01-09,14841.0
2020-01-10,15962.4
2020-01-11,17134.1
2020-01-12,18356.4
2020-01-13,19631.0
2020-01-14,20954.6
2020-01-15,20793.6
2020-01-16,20692.8
2020-01-17,20645.8
2020-01-18,20650.5
2020-01-19,20698.4
2020-01-20,20785.4
2020-01-21,20907.5
2020-01-22,21061.5
2020-01-23,21246.7
2020-01-24,21460.9
2020-01-25,21700.3
2020-01-26,21961.3
2020-01-27,22243.7
2020-01-28,22550.5
2020-01-29,22876.7
2020-01-30,23221.4
2020-01-31,23588.2
2020-02-01,23976.4
2020-02-02,24386.2
2020-02-03,24814.9
2020-02-04,25267.5
2020-02-05,25741.2
2020-02-06,26238.0
2020-02-07,26757.7
2020-02-08,27299.1
2020-02-09,27863.6
2020-02-10,28453.6
2020-02-11,29067.7
2020-02-12,29705.7
2020-02-13,30373.8
2020-02-14,31069.9
2020-02-15,31800.8
2020-02-16,32564.8
2020-02-17,33367.9
2020-02-18,34211.4
2020-02-19,35099.3
2020-02-20,36030.9
2020-02-21,37002.6
2020-02-22,38009.8
2020-02-23,39051.0
2020-02-24,40120.7
2020-02-25,41218.9
2020-02-26,42344.4
2020-02-27,43321.4
2020-02-28,44353.2
2020-02-29,45440.7
2020-03-01,46585.8
2020-03-02,47790.7
2020-03-03,49043.7
2020-03-04,50339.6
2020-03-05,51664.1
2020-03-06,53016.3
2020-03-07,54396.4
2020-03-08,55804.4
2020-03-09,57239.3
2020-03-10,58699.8
2020-03-11,60187.4
2020-03-12,61703.4
2020-03-13,63249.3
2020-03-14,64827.6
2020-03-15,66436.2
2020-03-16,68077.7
2020-03-17,69751.6
2020-03-18,71460.6
2020-03-19,73208.2
2020-03-20,74992.8
2020-03-21,76815.6
2020-03-22,78676.1
2020-03-23,80576.3
2020-03-24,82523.3
2020-03-25,81599.0
2020-03-26,82275.7
2020-03-27,83532.8
2020-03-28,85123.1
2020-03-29,86987.6
2020-03-30,89118.7
2020-03-31,91572.5
2020-04-01,94350.2
2020-04-02,97457.7
2020-04-03,100885.1
2020-04-04,104646.2
2020-04-05,108832.9
2020-04-06,113613.5
2020-04-07,119036.1
2020-04-08,125006.2
2020-04-09,131424.3
2020-04-10,138249.4
2020-04-11,145474.2
2020-04-12,153116.3
2020-04-13,161305.3
2020-04-14,170559.8
2020-04-15,180884.9
2020-04-16,179720.1
2020-04-17,178633.0
2020-04-18,177625.2
2020-04-19,176696.9
2020-04-20,175849.5
2020-04-21,175084.9
2020-04-22,174400.2
2020-04-23,173789.1
2020-04-24,173254.3
2020-04-25,172794.1
2020-04-26,172414.2
2020-04-27,172112.5
2020-04-28,171892.7
2020-04-29,171763.3
2020-04-30,171726.1
2020-05-01,171793.7
2020-05-02,171994.9
2020-05-03,172386.7
2020-05-04,173016.6
2020-05-05,173953.0
2020-05-06,175215.8
2020-05-07,176838.1
2020-05-08,178933.7
2020-05-09,181619.2
2020-05-10,185079.4
2020-05-11,189391.3
2020-05-12,194666.7
2020-05-13,201082.5
2020-05-14,208425.1
2020-05-15,214381.5
2020-05-16,220995.9
2020-05-17,228209.7
2020-05-18,236028.2
2020-05-19,244384.4
2020-05-20,253283.2
2020-05-21,262679.5
2020-05-22,272521.4
2020-05-23,282788.7
2020-05-24,293514.3
2020-05-25,304744.7
2020-05-26,316441.0
2020-05-27,328629.0
2020-05-28,341321.7
2020-05-29,354498.4
2020-05-30,368109.5
2020-05-31,382132.5
2020-06-01,396537.2
2020-06-02,411308.3
2020-06-03,426410.9
2020-06-04,700811.4
2020-06-05,710504.8
2020-06-06,736699.4
2020-06-07,775238.0
2020-06-08,825832.3
2020-06-09,706697.9
2020-06-10,623518.1
2020-06-11,614215.4
2020-06-12,621507.9
2020-06-13,712562.9
2020-06-14,630555.0
2020-06-15,619020.2
2020-06-16,644881.3
2020-06-17,648821.0
2020-06-18,489691.5
2020-06-19,697249.2
2020-06-20,608218.3
2020-06-21,555507.3
2020-06-22,531732.2
2020-06-23,516786.8
2020-06-24,444650.2
2020-06-25,496782.1
2020-06-26,384545.2
2020-06-27,384142.2
2020-06-28,390704.5
2020-06-29,439169.4
2020-06-30,497496.6
2020-07-01,455607.7
2020-07-02,456549.6
2020-07-03,430313.6
2020-07-04,409035.1
2020-07-05,393009.4
2020-07-06,382021.6
2020-07-07,376841.1
2020-07-08,392329.9
2020-07-09,408789.0
2020-07-10,426148.6
2020-07-11,444336.1
2020-07-12,463335.8
2020-07-13,483209.8
2020-07-14,481745.5
2020-07-15,480471.4
2020-07-16,479367.2
2020-07-17,478424.7
2020-07-18,477646.0
2020-07-19,477022.9
2020-07-20,476555.0
2020-07-21,476220.4
2020-07-22,476018.6
2020-07-23,475940.9
2020-07-24,475984.4
2020-07-25,476147.0
2020-07-26,476426.0
2020-07-27,476825.6
2020-07-28,477341.1
2020-07-29,477976.6
2020-07-30,453033.8
2020-07-31,428703.7
2020-08-01,405008.5
2020-08-02,382012.8
2020-08-03,359758.8
2020-08-04,338224.1
2020-08-05,317464.8
2020-08-06,319709.4
2020-08-07,323657.5
2020-08-08,329349.1
2020-08-09,336620.9
2020-08-10,345211.1
2020-08-11,355166.9
2020-08-12,366413.2
2020-08-13,378908.1
2020-08-14,392577.3
2020-08-15,392550.9
2020-08-16,392569.3
2020-08-17,392631.8
2020-08-18,392744.2
2020-08-19,392909.7
2020-08-20,393136.8
2020-08-21,393418.9
2020-08-22,393745.8
2020-08-23,394122.2
2020-08-24,394537.6
2020-08-25,394991.3
2020-08-26,395483.9
2020-08-27,396017.1
2020-08-28,396595.2
2020-08-29,392779.3
2020-08-30,389657.1
2020-08-31,387245.6
2020-09-01,385692.7
2020-09-02,385018.1
2020-09-03,385578.9
2020-09-04,386636.4
2020-09-05,388222.6
2020-09-06,390385.4
2020-09-07,393060.1
2020-09-08,396311.8
2020-09-09,400180.9
2020-09-10,395466.8
2020-09-11,391702.1
2020-09-12,388674.5
2020-09-13,386375.8
2020-09-14,384775.7
2020-09-15,383886.5
2020-09-16,383691.3
2020-09-17,383583.2
2020-09-18,383549.4
2020-09-19,383594.1
2020-09-20,383735.9
2020-09-21,383973.1
2020-09-22,384303.5
2020-09-23,384720.8
2020-09-24,385232.6
2020-09-25,385847.0
2020-09-26,386566.8
2020-09-27,387393.3
2020-09-28,388326.9
2020-09-29,389371.8
2020-09-30,390532.0
2020-10-01,391811.7
2020-10-02,393210.8
2020-10-03,394742.9
2020-10-04,396423.4
2020-10-05,398282.3
2020-10-06,400348.1
2020-10-07,402578.8
2020-10-08,401908.5
2020-10-09,401250.3
2020-10-10,400604.6
2020-10-11,399970.2
2020-10-12,399350.4
2020-10-13,398747.2
2020-10-14,398156.8
2020-10-15,397577.6
2020-10-16,397008.1
2020-10-17,396449.5
2020-10-18,395902.1
2020-10-19,395364.8
2020-10-20,394836.3
2020-10-21,394317.0
2020-10-22,393807.4
2020-10-23,393306.6
2020-10-24,392814.3
2020-10-25,392330.7
2020-10-26,391855.9
2020-10-27,391390.0
2020-10-28,390932.8
2020-10-29,390484.7
2020-10-30,390047.7
2020-10-31,391536.6
2020-11-01,393382.9
2020-11-02,395616.9
2020-11-03,398189.9
2020-11-04,401089.1
2020-11-05,406916.8
2020-11-06,412852.1
2020-11-07,418876.3
2020-11-08,424998.3
2020-11-09,431232.1
2020-11-10,437602.3
2020-11-11,444112.3
2020-11-12,450770.8
2020-11-13,457583.4
2020-11-14,464549.9
2020-11-15,471660.4
2020-11-16,478881.6
2020-11-17,486212.6
2020-11-18,493650.9
2020-11-19,483377.1
2020-11-20,473181.4
2020-11-21,463066.8
2020-11-22,453042.4
2020-11-23,443116.9
2020-11-24,433295.2
2020-11-25,423580.2
2020-11-26,413983.1
2020-11-27,404512.4
2020-11-28,395178.6
2020-11-29,385985.8
2020-11-30,376934.7
2020-12-01,368022.1
2020-12-02,359250.2
2020-12-03,350626.7
2020-12-04,342147.2
2020-12-05,333797.7
2020-12-06,325575.4
2020-12-07,317475.3
2020-12-08,309496.8
2020-12-09,301642.6
2020-12-10,303671.3
2020-12-11,305720.5
2020-12-12,307787.8
2020-12-13,309874.9
2020-12-14,311981.3
2020-12-15,314105.6
2020-12-16,316247.2
2020-12-17,318339.3
2020-12-18,320449.7
2020-12-19,322577.1
2020-12-20,324721.5
2020-12-21,326883.4
2020-12-22,329063.4
2020-12-23,331260.3
2020-12-24,333475.9
2020-12-25,335709.9
2020-12-26,337961.9
2020-12-27,340232.4
2020-12-28,342520.4
2020-12-29,344826.9
2020-12-30,347152.0
2020-12-31,349495.5
2021-01-01,351858.1
2021-01-02,354238.0
2021-01-03,356634.0
2021-01-04,359046.2
2021-01-05,361475.8
2021-01-06,363921.6
2021-01-07,361676.7
2021-01-08,359744.5
2021-01-09,358174.8
2021-01-10,357196.8
2021-01-11,356674.2
2021-01-12,356497.7
2021-01-13,356610.2
2021-01-14,356986.8
2021-01-15,357623.5
2021-01-16,355104.4
2021-01-17,352635.2
2021-01-18,350223.8
2021-01-19,347875.9
2021-01-20,345593.3
2021-01-21,343381.7
2021-01-22,341251.3
2021-01-23,339209.2
2021-01-24,337257.8
2021-01-25,335386.3
2021-01-26,333590.3
2021-01-27,331869.1
2021-01-28,330221.2
2021-01-29,328644.7
2021-01-30,327139.1
2021-01-31,325703.5
2021-02-01,324337.9
2021-02-02,323041.3
2021-02-03,321814.0
2021-02-04,320164.9
2021-02-05,318553.2
2021-02-06,316980.5
2021-02-07,315448.4
2021-02-08,313956.9
2021-02-09,312506.9
2021-02-10,311098.5
2021-02-11,309734.1
2021-02-12,308415.0
2021-02-13,307142.3
2021-02-14,305903.9
2021-02-15,304695.7
2021-02-16,303519.7
2021-02-17,302376.8
2021-02-18,301266.1
2021-02-19,300190.8
2021-02-20,299151.0
2021-02-21,298149.0
2021-02-22,297183.1
2021-02-23,296260.0
2021-02-24,295371.1
2021-02-25,297085.2
2021-02-26,299620.5
2021-02-27,302984.0
2021-02-28,307186.1
2021-03-01,312244.7
2021-03-02,318195.5
2021-03-03,325063.4
2021-03-04,320621.8
2021-03-05,318279.4
2021-03-06,317671.5
2021-03-07,318664.1
2021-03-08,321328.7
2021-03-09,325424.9
2021-03-10,364571.4
2021-03-11,418846.3
2021-03-12,402614.6
2021-03-13,391594.5
2021-03-14,384943.5
2021-03-15,381865.9
2021-03-16,382540.4
2021-03-17,353519.8
2021-03-18,327717.4
2021-03-19,306055.6
2021-03-20,289888.2
2021-03-21,279075.6
2021-03-22,273676.4
2021-03-23,248962.3
2021-03-24,261154.3
2021-03-25,221047.8
2021-03-26,192463.8
2021-03-27,177792.0
2021-03-28,176123.6
2021-03-29,181970.9
2021-03-30,134492.9
2021-03-31,111654.2
2021-04-01,122075.9
2021-04-02,123230.0
2021-04-03,150114.2
2021-04-04,202595.9
2021-04-05,269151.3
2021-04-06,194908.5
2021-04-07,223306.3
2021-04-08,210682.2
2021-04-09,207709.8
2021-04-10,215034.6
2021-04-11,233616.4
2021-04-12,261614.7
2021-04-13,297734.6
2021-04-14,340963.5
2021-04-15,265632.7
2021-04-16,317137.2
2021-04-17,221724.1
2021-04-18,194275.4
2021-04-19,232577.9
2021-04-20,312375.7
2021-04-21,266927.9
2021-04-22,338630.6
2021-04-23,298859.0
2021-04-24,294648.0
2021-04-25,334189.5
2021-04-26,406868.7
2021-04-27,302906.1
2021-04-28,318798.8
2021-04-29,373482.3
2021-04-30,296277.5
2021-05-01,257114.7
2021-05-02,262250.7
2021-05-03,297863.3
2021-05-04,276645.1
2021-05-05,235461.6
2021-05-06,289549.2
2021-05-07,224099.0
2021-05-08,192768.5
2021-05-09,192271.3
2021-05-10,239487.9
2021-05-11,208381.9
2021-05-12,104163.5
2021-05-13,172473.6
2021-05-14,134593.2
2021-05-15,110095.3
2021-05-16,98790.6
2021-05-17,97369.6
2021-05-18,103553.5
2021-05-19,97365.9
2021-05-20,95709.7
2021-05-21,98928.5
2021-05-22,107375.0
2021-05-23,122243.7
2021-05-24,142952.7
2021-05-25,142952.7
2021-05-26,126165.0
2021-05-27,112815.5
2021-05-28,104001.6
2021-05-29,100718.1
2021-05-30,102492.5
2021-05-31,108162.3
2021-06-01,116916.3
2021-06-02,128622.9
2021-06-03,118700.0
2021-06-04,111034.1
2021-06-05,106439.5
2021-06-06,104494.2
2021-06-07,105553.5
2021-06-08,110268.8
2021-06-09,101769.3
2021-06-10,94836.8
2021-06-11,89826.6
2021-06-12,86855.4
2021-06-13,85898.6
2021-06-14,86749.6
2021-06-15,89484.4
2021-06-16,80513.0
2021-06-17,72553.1
2021-06-18,65741.3
2021-06-19,60050.8
2021-06-20,55461.2
2021-06-21,51942.7
2021-06-22,49465.5
2021-06-23,48461.7
2021-06-24,48860.4
2021-06-25,49656.5
2021-06-26,52020.4
2021-06-27,55904.5
2021-06-28,61703.4
2021-06-29,69593.3
2021-06-30,64419.7
2021-07-01,60105.8
2021-07-02,56488.0
2021-07-03,53452.9
2021-07-04,50960.7
2021-07-05,48939.1
2021-07-06,47351.3
2021-07-07,46328.2
2021-07-08,42641.6
2021-07-09,40409.4
2021-07-10,39256.7
2021-07-11,38978.8
2021-07-12,39422.1
2021-07-13,37387.1
2021-07-14,35886.8
2021-07-15,35009.9
2021-07-16,34840.2
2021-07-17,35279.6
2021-07-18,36373.8
2021-07-19,38451.9
2021-07-20,58430.5
2021-07-21,103815.6
2021-07-22,91379.0
2021-07-23,82263.0
2021-07-24,75683.4
2021-07-25,71585.4
2021-07-26,70130.6
2021-07-27,60331.2
2021-07-28,52537.8
2021-07-29,46338.4
2021-07-30,41458.8
2021-07-31,37447.2
2021-08-01,34065.8
2021-08-02,31262.7
2021-08-03,29053.0
2021-08-04,27276.9
2021-08-05,29526.6
2021-08-06,32177.5
2021-08-07,35301.6
2021-08-08,39030.7
2021-08-09,43548.3
2021-08-10,49118.1
2021-08-11,56029.0
2021-08-12,49229.6
2021-08-13,43639.9
2021-08-14,39017.1
2021-08-15,35145.9
2021-08-16,31827.4
2021-08-17,23321.7
2021-08-18,17277.5
2021-08-19,13193.5
2021-08-20,10981.1
2021-08-21,9835.6
2021-08-22,9204.8
2021-08-23,8851.7
2021-08-24,8718.8
2021-08-25,8826.1
2021-08-26,9103.2
2021-08-27,9590.0
2021-08-28,10332.0
2021-08-29,11370.7
2021-08-30,12896.6
2021-08-31,15055.4
2021-09-01,17552.9
2021-09-02,22384.7
2021-09-03,22604.4
2021-09-04,23059.9
2021-09-05,23703.6
2021-09-06,24569.5
2021-09-07,23890.6
2021-09-08,23383.2
2021-09-09,23056.6
2021-09-10,22953.2
2021-09-11,23082.4
2021-09-12,23502.1
2021-09-13,24277.1
2021-09-14,22582.2
2021-09-15,21278.2
2021-09-16,20257.2
2021-09-17,19469.6
2021-09-18,18888.8
2021-09-19,18487.8
2021-09-20,18241.8
2021-09-21,19994.7
2021-09-22,21998.6
2021-09-23,24277.4
2021-09-24,26875.5
2021-09-25,29821.6
2021-09-26,33093.5
2021-09-27,36695.1
2021-09-28,34590.0
2021-09-29,32622.0
2021-09-30,30794.3
2021-10-01,29120.6
2021-10-02,27611.9
2021-10-03,26272.5
2021-10-04,25086.4
2021-10-05,24035.7
2021-10-06,23108.7
2021-10-07,22737.9
2021-10-08,22517.4
2021-10-09,22461.8
2021-10-10,22531.8
2021-10-11,22696.2
2021-10-12,22932.4
2021-10-13,23227.2
2021-10-14,23577.3
2021-10-15,23988.2
2021-10-16,24467.8
2021-10-17,25031.9
2021-10-18,25696.3
2021-10-19,26472.4
2021-10-20,27361.2
2021-10-21,27150.0
2021-10-22,27654.8
2021-10-23,28759.8
2021-10-24,30543.9
2021-10-25,33661.5
2021-10-26,31448.0
2021-10-27,29399.6
2021-10-28,27502.4
2021-10-29,25742.2
2021-10-30,24090.9
2021-10-31,22532.0
2021-11-01,21055.7
2021-11-02,19653.7
2021-11-03,18319.5
2021-11-04,18504.6
2021-11-05,18742.3
2021-11-06,19029.0
2021-11-07,19362.3
2021-11-08,19758.6
2021-11-09,20271.1
2021-11-10,20896.1
2021-11-11,21580.3
2021-11-12,22370.5
2021-11-13,23278.6
2021-11-14,24315.7
2021-11-15,25502.8
2021-11-16,26861.5
2021-11-17,28455.3
2021-11-18,26930.9
2021-11-19,25584.1
2021-11-20,24389.0
2021-11-21,23295.3
2021-11-22,22292.7
2021-11-23,21360.0
2021-11-24,20473.8
2021-11-25,19623.8
2021-11-26,18806.8
2021-11-27,18022.4
2021-11-28,17268.8
2021-11-29,16547.4
2021-11-30,15859.3
2021-12-01,15206.0
2021-12-02,16991.3
2021-12-03,18925.0
2021-12-04,21008.5
2021-12-05,23248.1
2021-12-06,25696.0
2021-12-07,28417.2
2021-12-08,31447.6
2021-12-09,30206.4
2021-12-10,29097.2
2021-12-11,28099.8
2021-12-12,27209.8
2021-12-13,26430.0
2021-12-14,25746.4
2021-12-15,25176.7
2021-12-16,25209.9
2021-12-17,25250.0
2021-12-18,25296.1
2021-12-19,25348.9
2021-12-20,25408.1
2021-12-21,25474.2
2021-12-22,25545.9
2021-12-23,25624.3
2021-12-24,25708.3
2021-12-25,25799.4
2021-12-26,25898.7
2021-12-27,26007.7
2021-12-28,26126.3
2021-12-29,26255.5
2021-12-30,26395.9
2021-12-31,26548.7
2022-01-01,26714.8
2022-01-02,26895.8
2022-01-03,27094.5
2022-01-04,27313.2
2022-01-05,27554.4
2022-01-06,27420.8
2022-01-07,27515.1
2022-01-08,27875.7
2022-01-09,28612.1
2022-01-10,29725.3
2022-01-11,31233.1
2022-01-12,33098.7
2022-01-13,29412.4
2022-01-14,26143.4
2022-01-15,23200.9
2022-01-16,20521.3
2022-01-17,18096.4
2022-01-18,15963.4
2022-01-19,14216.1
2022-01-20,12787.1
2022-01-21,11592.5
2022-01-22,10542.7
2022-01-23,9600.0
2022-01-24,8744.4
2022-01-25,7962.8
2022-01-26,7244.1
2022-01-27,7499.8
2022-01-28,7864.8
2022-01-29,8414.2
2022-01-30,9250.4
2022-01-31,10382.7
2022-02-01,11822.8
2022-02-02,13588.1
2022-02-03,15961.5
2022-02-04,18779.5
2022-02-05,22263.7
2022-02-06,26777.1
2022-02-07,33153.2
2022-02-08,42483.4
2022-02-09,55355.0
2022-02-10,43922.0
2022-02-11,35013.1
2022-02-12,28619.6
2022-02-13,23943.8
2022-02-14,20308.5
2022-02-15,17389.5
2022-02-16,14880.6
2022-02-17,14732.0
2022-02-18,14679.4
2022-02-19,14711.1
2022-02-20,14818.3
2022-02-21,15002.2
2022-02-22,15270.2
2022-02-23,15641.7
2022-02-24,16139.8
2022-02-25,16788.4
2022-02-26,17606.0
2022-02-27,18602.8
2022-02-28,19801.5
2022-03-01,21188.1
2022-03-02,22759.5
2022-03-03,24518.6
2022-03-04,26465.9
2022-03-05,28610.8
2022-03-06,30953.3
2022-03-07,33481.3
2022-03-08,36197.7
2022-03-09,39113.6
2022-03-10,42216.9
2022-03-11,45495.6
2022-03-12,48937.7
2022-03-13,52528.6
2022-03-14,56254.1
2022-03-15,60106.1
2022-03-16,64075.4
2022-03-17,65014.1
2022-03-18,68496.0
2022-03-19,74921.6
2022-03-20,84415.7
2022-03-21,97096.7
2022-03-22,113097.0
2022-03-23,132285.9
2022-03-24,154546.4
2022-03-25,179905.4
2022-03-26,208120.6
2022-03-27,238620.9
2022-03-28,271018.9
2022-03-29,305025.5
2022-03-30,277386.3
2022-03-31,256518.0
2022-04-01,243901.5
2022-04-02,238955.4
2022-04-03,239863.9
2022-04-04,247163.9
2022-04-05,260512.2
2022-04-06,280215.6
2022-04-07,265753.2
2022-04-08,266037.0
2022-04-09,282242.3
2022-04-10,317775.0
2022-04-11,371546.2
2022-04-12,344278.2
2022-04-13,261365.3
2022-04-14,241866.7
2022-04-15,224025.3
2022-04-16,180047.4
2022-04-17,149647.3
2022-04-18,136550.3
2022-04-19,98407.3
2022-04-20,95771.0
2022-04-21,86159.0
2022-04-22,78346.9
2022-04-23,71894.4
2022-04-24,66464.7
2022-04-25,61765.9
2022-04-26,57833.6
2022-04-27,54787.0
2022-04-28,52637.8
2022-04-29,51344.3
2022-04-30,50918.0
2022-05-01,51528.9
2022-05-02,52961.0
2022-05-03,55091.9
2022-05-04,57863.7
2022-05-05,56895.3
2022-05-06,101328.6
2022-05-07,82485.5
2022-05-08,77164.4
2022-05-09,85822.7
2022-05-10,82719.1
2022-05-11,84500.2
2022-05-12,92824.3
2022-05-13,108930.5
2022-05-14,81521.7
2022-05-15,68764.1
2022-05-16,67335.5
2022-05-17,63536.8
2022-05-18,60643.9
2022-05-19,58611.6
2022-05-20,57406.6
2022-05-21,57172.4
2022-05-22,58052.1
2022-05-23,60180.0
2022-05-24,63656.4
2022-05-25,68640.3
2022-05-26,59711.4
2022-05-27,52519.7
2022-05-28,46915.2
2022-05-29,42638.5
2022-05-30,39564.6
2022-05-31,38097.0
2022-06-01,38386.8
2022-06-02,40111.9
2022-06-03,36638.1
2022-06-04,34446.1
2022-06-05,33386.2
2022-06-06,33485.2
2022-06-07,34758.0
2022-06-08,37105.3
2022-06-09,35275.3
2022-06-10,33684.7
2022-06-11,32326.0
2022-06-12,31239.3
2022-06-13,30449.2
2022-06-14,29958.8
2022-06-15,29751.0
2022-06-16,29837.3
2022-06-17,30248.9
2022-06-18,31018.2
2022-06-19,32133.0
2022-06-20,33554.4
2022-06-21,35238.7
2022-06-22,37175.6
2022-06-23,39342.5
2022-06-24,47401.3
2022-06-25,58632.8
2022-06-26,75039.0
2022-06-27,99286.5
2022-06-28,130930.1
2022-06-29,167801.8
2022-06-30,161371.2
2022-07-01,155125.0
2022-07-02,149077.4
2022-07-03,143242.8
2022-07-04,137648.8
2022-07-05,132299.2
2022-07-06,127269.1
2022-07-07,122649.8
2022-07-08,118433.7
2022-07-09,114563.7
2022-07-10,111016.6
2022-07-11,107774.8
2022-07-12,112857.3
2022-07-13,118448.7
2022-07-14,124596.8
2022-07-15,131359.1
2022-07-16,138650.9
2022-07-17,146433.8
2022-07-18,154706.6
2022-07-19,163459.8
2022-07-20,149310.4
2022-07-21,136470.9
2022-07-22,124915.2
2022-07-23,114722.1
2022-07-24,105893.6
2022-07-25,98376.7
2022-07-26,96864.9
2022-07-27,95649.4
2022-07-28,94781.8
2022-07-29,94347.2
2022-07-30,94372.5
2022-07-31,94881.8
2022-08-01,95795.2
2022-08-02,97050.9
2022-08-03,98605.8
2022-08-04,103485.6
2022-08-05,109132.9
2022-08-06,115463.0
2022-08-07,122402.5
2022-08-08,129931.5
2022-08-09,138025.7
2022-08-10,146712.6
2022-08-11,148413.2
2022-08-12,150518.7
2022-08-13,152896.5
2022-08-14,155516.1
2022-08-15,158379.1
2022-08-16,161524.3
2022-08-17,164993.3
2022-08-18,148921.4
2022-08-19,133928.3
2022-08-20,120032.5
2022-08-21,107274.9
2022-08-22,96028.6
2022-08-23,85076.7
2022-08-24,75503.3
2022-08-25,67008.9
2022-08-26,59661.0
2022-08-27,53522.1
2022-08-28,48578.5
2022-08-29,44758.4
2022-08-30,50242.4
2022-08-31,56948.4
2022-09-01,65000.2
2022-09-02,74350.9
2022-09-03,85082.2
2022-09-04,97129.5
2022-09-05,110229.5
2022-09-06,124419.3
2022-09-07,139815.2
2022-09-08,121497.8
2022-09-09,104652.9
2022-09-10,89246.5
2022-09-11,75504.7
2022-09-12,63658.9
2022-09-13,53761.2
2022-09-14,45591.5
2022-09-15,38894.9
2022-09-16,33613.9
2022-09-17,48592.0
2022-09-18,75027.9
2022-09-19,114157.1
2022-09-20,96281.1
2022-09-21,80455.9
2022-09-22,66767.3
2022-09-23,55442.9
2022-09-24,46729.5
2022-09-25,40416.4
2022-09-26,35503.9
2022-09-27,43185.5
2022-09-28,53154.4
2022-09-29,66637.4
2022-09-30,83754.9
2022-10-01,103871.0
2022-10-02,126796.0
2022-10-03,152529.8
2022-10-04,140329.7
2022-10-05,128842.9
2022-10-06,118033.8
2022-10-07,107910.8
2022-10-08,98470.7
2022-10-09,89753.9
2022-10-10,81777.2
2022-10-11,74560.4
2022-10-12,68113.0
2022-10-13,67911.9
2022-10-14,67847.3
2022-10-15,67930.5
2022-10-16,68183.8
2022-10-17,68615.8
2022-10-18,69188.8
2022-10-19,69885.2
2022-10-20,70704.6
2022-10-21,71660.6
2022-10-22,72754.1
2022-10-23,73973.3
2022-10-24,75311.7
2022-10-25,85741.4
2022-10-26,97122.5
2022-10-27,109364.5
2022-10-28,122680.9
2022-10-29,137454.1
2022-10-30,153669.8
2022-10-31,171066.5
2022-11-01,164486.4
2022-11-02,158036.9
2022-11-03,151721.4
2022-11-04,145547.8
2022-11-05,139526.5
2022-11-06,133660.5
2022-11-07,127955.3
2022-11-08,122427.3
2022-11-09,117083.8
2022-11-10,111918.9
2022-11-11,106925.3
2022-11-12,102113.3
2022-11-13,97483.6
2022-11-14,93023.9
2022-11-15,88742.2
2022-11-16,84648.3
2022-11-17,77616.2
2022-11-18,71095.0
2022-11-19,65065.4
2022-11-20,59546.9
2022-11-21,54544.9
2022-11-22,50032.8
2022-11-23,45971.6
2022-11-24,42275.0
2022-11-25,38905.8
2022-11-26,35841.6
2022-11-27,33053.7
2022-11-28,30524.0
2022-11-29,28232.7
2022-11-30,26160.2
2022-12-01,30752.4
2022-12-02,36640.0
2022-12-03,44227.3
2022-12-04,54155.6
2022-12-05,66995.9
2022-12-06,82388.1
2022-12-07,99868.9
2022-12-08,64868.4
2022-12-09,40226.0
2022-12-10,25364.1
2022-12-11,16395.2
2022-12-12,10327.5
2022-12-13,6500.5
2022-12-14,8147.9
2022-12-15,10239.2
2022-12-16,12775.5
2022-12-17,15766.0
2022-12-18,19229.0
2022-12-19,23221.9
2022-12-20,27935.7
2022-12-21,33736.9
2022-12-22,40880.0
2022-12-23,49660.3
2022-12-24,60560.5
2022-12-25,73415.0
2022-12-26,88214.3
2022-12-27,104862.0
2022-12-28,123138.0
2022-12-29,142931.2
2022-12-30,117349.1
2022-12-31,94376.2
2023-01-01,74895.9
2023-01-02,58934.2
2023-01-03,46100.5
2023-01-04,42081.2
2023-01-05,38425.1
2023-01-06,35109.5
2023-01-07,32142.8
2023-01-08,29565.0
2023-01-09,27393.4
2023-01-10,25585.5
2023-01-11,24100.1
2023-01-12,27908.3
2023-01-13,32882.4
2023-01-14,39259.2
2023-01-15,47083.5
2023-01-16,56409.6
2023-01-17,67147.6
2023-01-18,60188.7
2023-01-19,54120.2
2023-01-20,48705.6
2023-01-21,43925.3
2023-01-22,39790.8
2023-01-23,36286.7
2023-01-24,35635.7
2023-01-25,35030.4
2023-01-26,34467.1
2023-01-27,33942.1
2023-01-28,33455.0
2023-01-29,33003.6
2023-01-30,32584.3
2023-01-31,32196.9
2023-02-01,31840.5
2023-02-02,31514.5
2023-02-03,31218.7
2023-02-04,30951.4
2023-02-05,30718.3
2023-02-06,30520.2
2023-02-07,30304.5
2023-02-08,30182.8
2023-02-09,30143.4
2023-02-10,30183.3
2023-02-11,30301.0
2023-02-12,30480.2
2023-02-13,30697.2
2023-02-14,30953.9
2023-02-15,31255.7
2023-02-16,31603.0
2023-02-17,31994.9
2023-02-18,32429.7
2023-02-19,32906.7
2023-02-20,33426.1
2023-02-21,33986.6
2023-02-22,34585.8
2023-02-23,35222.4
2023-02-24,36005.3
2023-02-25,37812.2
2023-02-26,41069.4
2023-02-27,45574.1
2023-02-28,42067.8
2023-03-01,38980.6
2023-03-02,36337.3
2023-03-03,34122.2
2023-03-04,32340.0
2023-03-05,30973.7
2023-03-06,29987.6
2023-03-07,29305.1
2023-03-08,28826.6
2023-03-09,28520.1
2023-03-10,28402.1
2023-03-11,28486.3
2023-03-12,28749.5
2023-03-13,29169.0
2023-03-14,29730.2
2023-03-15,30417.0
2023-03-16,31220.9
2023-03-17,32380.2
2023-03-18,38099.1
2023-03-19,47364.5
2023-03-20,59678.6
2023-03-21,75872.4
2023-03-22,96811.6
2023-03-23,100312.6
2023-03-24,107059.6
2023-03-25,117873.9
2023-03-26,133691.9
2023-03-27,155957.7
2023-03-28,184501.7
2023-03-29,218058.5
2023-03-30,255695.3
2023-03-31,226798.8
2023-04-01,202387.7
2023-04-02,185059.5
2023-04-03,176303.1
2023-04-04,174554.8
2023-04-05,175020.1
2023-04-06,177075.2
2023-04-07,181118.9
2023-04-08,187813.4
2023-04-09,197465.7
2023-04-10,209076.2
2023-04-11,222136.8
2023-04-12,237049.2
2023-04-13,254579.4
2023-04-14,274345.1
2023-04-15,295517.3
2023-04-16,317864.0
2023-04-17,341458.0
2023-04-18,293913.5
2023-04-19,261079.4
2023-04-20,233439.1
2023-04-21,212211.2
2023-04-22,198755.7
2023-04-23,194201.9
2023-04-24,197718.8
2023-04-25,160568.0
2023-04-26,139702.9
2023-04-27,114551.8
2023-04-28,92936.5
2023-04-29,74836.3
2023-04-30,60237.1
2023-05-01,49201.4
2023-05-02,41189.5
2023-05-03,38257.0
2023-05-04,36354.2
2023-05-05,35824.8
2023-05-06,37182.8
2023-05-07,41139.9
2023-05-08,47907.5
2023-05-09,57438.9
2023-05-10,60845.5
2023-05-11,65266.7
2023-05-12,70762.3
2023-05-13,77279.4
2023-05-14,84750.8
2023-05-15,93120.4
2023-05-16,102389.8
2023-05-17,112639.7
2023-05-18,123930.1
2023-05-19,136215.8
2023-05-20,117143.8
2023-05-21,103165.9
2023-05-22,94437.2
2023-05-23,90746.3
2023-05-24,91030.4
2023-05-25,85492.1
2023-05-26,80369.9
2023-05-27,75648.1
2023-05-28,71323.8
2023-05-29,67404.0
2023-05-30,63902.0
2023-05-31,60813.3
2023-06-01,58111.8
2023-06-02,55767.2
2023-06-03,53794.7
2023-06-04,52190.5
2023-06-05,50971.6
2023-06-06,50141.1
2023-06-07,52113.1
2023-06-08,54734.7
2023-06-09,58046.9
2023-06-10,62164.4
2023-06-11,67163.6
2023-06-12,73043.3
2023-06-13,79816.7
2023-06-14,87553.6
2023-06-15,87588.7
2023-06-16,87688.5
2023-06-17,87851.6
2023-06-18,88083.4
2023-06-19,88388.5
2023-06-20,88768.8
2023-06-21,89217.0
2023-06-22,89734.9
2023-06-23,90320.0
2023-06-24,90972.9
2023-06-25,91702.0
2023-06-26,92516.4
2023-06-27,93405.3
2023-06-28,94364.5
2023-06-29,94064.2
2023-06-30,93914.6
2023-07-01,93950.2
2023-07-02,94149.4
2023-07-03,94508.5
2023-07-04,95025.9
2023-07-05,95698.5
2023-07-06,96519.0
2023-07-07,92717.7
2023-07-08,91069.1
2023-07-09,92174.5
2023-07-10,96205.3
2023-07-11,102944.6
2023-07-12,112222.6
2023-07-13,95964.4
2023-07-14,81425.2
2023-07-15,68659.3
2023-07-16,58305.1
2023-07-17,50074.9
2023-07-18,43456.9
2023-07-19,50705.2
2023-07-20,59679.8
2023-07-21,70655.9
2023-07-22,83672.1
2023-07-23,98320.0
2023-07-24,114484.2
2023-07-25,108997.8
2023-07-26,103814.9
2023-07-27,98924.8
2023-07-28,94317.2
2023-07-29,89981.4
2023-07-30,85910.8
2023-07-31,82092.0
2023-08-01,86843.2
2023-08-02,91987.2
2023-08-03,97492.1
2023-08-04,103395.2
2023-08-05,109673.2
2023-08-06,116319.0
2023-08-07,123316.0
2023-08-08,106233.6
2023-08-09,91262.6
2023-08-10,78154.2
2023-08-11,67085.3
2023-08-12,57921.4
2023-08-13,50325.0
2023-08-14,43961.6
2023-08-15,41994.1
2023-08-16,62367.6
2023-08-17,60275.1
2023-08-18,61136.6
2023-08-19,66220.1
2023-08-20,77205.1
2023-08-21,95018.1
2023-08-22,91893.1
2023-08-23,88858.8
2023-08-24,85935.6
2023-08-25,83135.9
2023-08-26,80468.2
2023-08-27,77933.0
2023-08-28,75508.0
2023-08-29,73183.4
2023-08-30,70956.4
2023-08-31,68837.9
2023-09-01,66853.1
2023-09-02,64948.6
2023-09-03,63112.9
2023-09-04,61343.0
2023-09-05,59632.9
2023-09-06,57984.9
2023-09-07,56393.1
2023-09-08,53938.6
2023-09-09,51882.7
2023-09-10,50211.1
2023-09-11,49120.3
2023-09-12,48604.7
2023-09-13,48577.2
2023-09-14,48996.3
2023-09-15,49926.8
2023-09-16,51262.8
2023-09-17,53030.2
2023-09-18,55289.1
2023-09-19,58093.8
2023-09-20,61514.5
2023-09-21,65531.0
2023-09-22,70100.1
2023-09-23,75148.7
2023-09-24,80612.2
2023-09-25,86424.6
2023-09-26,92563.8
2023-09-27,99015.1
2023-09-28,96725.7
2023-09-29,94774.8
2023-09-30,93188.6
2023-10-01,92027.8
2023-10-02,91377.4
2023-10-03,91294.6
2023-10-04,91747.0
2023-10-05,76641.9
2023-10-06,64186.4
2023-10-07,53994.1
2023-10-08,45560.9
2023-10-09,38711.1
2023-10-10,33231.3
2023-10-11,28777.3
2023-10-12,25236.0
2023-10-13,24567.5
2023-10-14,25462.7
2023-10-15,28279.9
2023-10-16,33010.2
2023-10-17,37644.1
2023-10-18,43220.7
2023-10-19,49816.1
2023-10-20,57573.0
2023-10-21,66573.8
2023-10-22,77068.3
2023-10-23,89170.3
2023-10-24,102864.8
2023-10-25,118083.3
2023-10-26,115126.5
2023-10-27,112628.4
2023-10-28,110614.7
2023-10-29,109071.0
2023-10-30,107986.3
2023-10-31,91660.7
2023-11-01,76863.5
2023-11-02,63718.6
2023-11-03,52557.4
2023-11-04,43321.6
2023-11-05,35656.2
2023-11-06,29602.2
2023-11-07,24889.5
2023-11-08,21214.9
2023-11-09,23377.9
2023-11-10,26164.4
2023-11-11,29833.7
2023-11-12,34507.8
2023-11-13,40257.9
2023-11-14,47157.0
2023-11-15,55258.8
2023-11-16,58816.8
2023-11-17,62954.9
2023-11-18,67613.4
2023-11-19,72816.9
2023-11-20,78659.9
2023-11-21,76067.5
2023-11-22,73771.5
2023-11-23,71730.9
2023-11-24,69930.3
2023-11-25,68362.3
2023-11-26,67023.7
2023-11-27,65891.5
2023-11-28,64968.5
2023-11-29,64250.0
2023-11-30,62114.9
2023-12-01,60764.0
2023-12-02,60160.9
2023-12-03,60316.2
2023-12-04,61191.1
2023-12-05,65827.5
2023-12-06,70878.0
2023-12-07,76381.6
2023-12-08,82375.2
2023-12-09,88872.4
2023-12-10,95870.3
2023-12-11,103402.3
2023-12-12,111438.5
2023-12-13,119905.0
2023-12-14,111425.2
2023-12-15,103448.1
2023-12-16,96015.8
2023-12-17,89094.3
2023-12-18,82618.0
2023-12-19,76600.2
2023-12-20,71097.9
2023-12-21,74948.2
2023-12-22,79249.5
2023-12-23,84023.2
2023-12-24,89232.7
2023-12-25,94836.8
2023-12-26,100808.9
2023-12-27,107159.3
2023-12-28,113936.9
2023-12-29,99495.0
2023-12-30,86579.8
2023-12-31,75306.6
2024-01-01,65619.0
2024-01-02,57645.2
2024-01-03,51150.2
2024-01-04,53784.7
2024-01-05,56854.1
2024-01-06,60365.4
2024-01-07,64366.6
2024-01-08,68878.2
2024-01-09,73856.4
2024-01-10,79300.4
2024-01-11,82649.7
2024-01-12,86279.5
2024-01-13,90217.7
2024-01-14,94437.0
2024-01-15,98912.3
2024-01-16,103637.1
2024-01-17,108615.7
2024-01-18,113848.9
2024-01-19,90269.1
2024-01-20,70600.0
2024-01-21,54615.6
2024-01-22,41581.9
2024-01-23,41495.6
2024-01-24,41716.4
2024-01-25,42244.3
2024-01-26,43104.5
2024-01-27,44274.0
2024-01-28,45767.9
2024-01-29,47655.3
2024-01-30,49108.5
2024-01-31,50995.8
2024-02-01,53356.2
2024-02-02,56255.7
2024-02-03,59783.5
2024-02-04,64042.0
2024-02-05,68856.9
2024-02-06,56939.9
2024-02-07,46370.9
2024-02-08,37535.5
2024-02-09,30990.8
2024-02-10,26313.8
2024-02-11,22981.9
2024-02-12,20635.2
2024-02-13,18865.2
2024-02-14,17458.2
2024-02-15,19056.5
2024-02-16,21605.3
2024-02-17,25450.7
2024-02-18,30586.8
2024-02-19,37044.8
2024-02-20,45042.3
2024-02-21,54664.2
2024-02-22,65835.8
2024-02-23,56514.7
2024-02-24,48612.5
2024-02-25,42157.9
2024-02-26,36999.6
2024-02-27,32928.9
2024-02-28,29907.1
2024-02-29,29046.7
2024-03-01,28264.6
2024-03-02,27571.3
2024-03-03,26987.9
2024-03-04,26540.4
2024-03-05,26203.6
2024-03-06,25973.1
2024-03-07,25869.8
2024-03-08,25897.3
2024-03-09,26066.9
2024-03-10,26374.6
2024-03-11,26815.9
2024-03-12,28946.2
2024-03-13,31452.1
2024-03-14,34296.7
2024-03-15,37492.9
2024-03-16,41056.3
2024-03-17,45005.1
2024-03-18,49391.4
2024-03-19,54182.8
2024-03-20,59365.0
2024-03-21,51144.5
2024-03-22,44804.2
2024-03-23,40038.7
2024-03-24,36575.5
2024-03-25,34721.1
2024-03-26,36302.0
2024-03-27,38061.9
2024-03-28,40026.8
2024-03-29,42183.4
2024-03-30,44535.0
2024-03-31,47082.7
2024-04-01,49824.3
2024-04-02,52754.5
2024-04-03,55897.9
2024-04-04,59267.3
2024-04-05,62925.7
2024-04-06,66895.9
2024-04-07,71144.4
2024-04-08,75688.6
2024-04-09,80476.2
2024-04-10,85548.1
2024-04-11,90927.7
2024-04-12,96573.7
2024-04-13,96130.2
2024-04-14,97038.0
2024-04-15,99048.4
2024-04-16,102164.9
2024-04-17,106467.2
2024-04-18,92684.0
2024-04-19,80997.8
2024-04-20,71166.7
2024-04-21,62999.2
2024-04-22,56478.6
2024-04-23,51496.1
2024-04-24,47887.9
2024-04-25,49863.0
2024-04-26,54491.8
2024-04-27,61351.9
2024-04-28,70403.5
2024-04-29,81542.2
2024-04-30,94513.8
2024-05-01,99102.4
2024-05-02,104978.5
2024-05-03,112225.5
2024-05-04,121019.2
2024-05-05,131456.6
2024-05-06,143709.6
2024-05-07,157487.7
2024-05-08,172590.6
2024-05-09,162833.9
2024-05-10,154264.9
2024-05-11,147125.6
2024-05-12,141639.8
2024-05-13,137991.6
2024-05-14,136148.8
2024-05-15,136003.0
2024-05-16,122852.9
2024-05-17,111834.4
2024-05-18,103272.7
2024-05-19,97670.1
2024-05-20,94637.7
2024-05-21,93445.4
2024-05-22,93950.9
2024-05-23,90557.7
2024-05-24,89817.1
2024-05-25,92702.4
2024-05-26,98697.3
2024-05-27,107529.4
2024-05-28,118641.0
2024-05-29,120849.6
2024-05-30,125917.5
2024-05-31,133971.9
2024-06-01,145936.0
2024-06-02,161555.6
2024-06-03,180328.3
2024-06-04,177952.5
2024-06-05,203781.1
2024-06-06,180033.9
2024-06-07,159537.2
2024-06-08,142653.0
2024-06-09,129090.0
2024-06-10,118864.2
2024-06-11,111915.4
2024-06-12,113517.8
2024-06-13,115478.9
2024-06-14,117845.2
2024-06-15,120697.1
2024-06-16,124115.0
2024-06-17,128138.9
2024-06-18,132759.4
2024-06-19,138024.9
2024-06-20,143915.4
2024-06-21,150353.9
2024-06-22,157302.0
2024-06-23,164757.5
2024-06-24,172683.6
2024-06-25,181069.5
2024-06-26,180600.6
2024-06-27,180305.4
2024-06-28,180191.0
2024-06-29,180272.8
2024-06-30,180594.1
2024-07-01,181162.6
2024-07-02,181949.4
2024-07-03,182950.2
2024-07-04,184177.2
2024-07-05,185611.2
2024-07-06,187268.5
2024-07-07,189138.6
2024-07-08,191196.2
2024-07-09,193424.2
2024-07-10,195827.6
2024-07-11,198398.5
2024-07-12,196260.1
2024-07-13,194207.0
2024-07-14,192235.6
2024-07-15,190351.7
2024-07-16,188562.2
2024-07-17,186873.8
2024-07-18,185291.7
2024-07-19,183830.8
2024-07-20,182504.3
2024-07-21,181319.1
2024-07-22,180282.4
2024-07-23,179398.4
2024-07-24,178669.0
2024-07-25,178079.9
2024-07-26,177627.5
2024-07-27,177293.3
2024-07-28,177076.1
2024-07-29,176976.4
2024-07-30,177853.7
2024-07-31,179122.8
2024-08-01,180800.9
2024-08-02,182907.1
2024-08-03,185338.0
2024-08-04,187991.3
2024-08-05,190864.7
2024-08-06,193948.8
2024-08-07,193464.3
2024-08-08,193628.3
2024-08-09,194470.1
2024-08-10,195935.2
2024-08-11,198026.5
2024-08-12,200669.0
2024-08-13,196229.3
2024-08-14,191984.1
2024-08-15,187944.7
2024-08-16,184124.1
2024-08-17,180539.2
2024-08-18,177217.9
2024-08-19,174175.6
2024-08-20,171507.1
2024-08-21,169280.6
2024-08-22,183738.5
2024-08-23,199571.9
2024-08-24,216200.0
2024-08-25,233390.4
2024-08-26,251139.5
2024-08-27,246716.4
2024-08-28,242446.2
2024-08-29,238320.4
2024-08-30,234310.3
2024-08-31,230401.1
2024-09-01,226601.2
2024-09-02,222926.4
2024-09-03,219385.9
2024-09-04,215976.5
2024-09-05,220744.2
2024-09-06,225780.4
2024-09-07,231196.3
2024-09-08,237002.0
2024-09-09,243171.3
2024-09-10,249713.7
2024-09-11,263624.4
2024-09-12,280468.7
2024-09-13,281269.9
2024-09-14,282129.0
2024-09-15,283047.4
2024-09-16,284026.1
2024-09-17,285066.6
2024-09-18,286179.8
2024-09-19,287363.8
2024-09-20,288614.1
2024-09-21,289915.6
2024-09-22,291264.3
2024-09-23,292660.6
2024-09-24,294102.3
2024-09-25,295586.2
2024-09-26,311851.7
2024-09-27,328410.7
2024-09-28,345256.1
2024-09-29,362287.0
2024-09-30,379440.0
2024-10-01,363738.5
2024-10-02,348291.4
2024-10-03,333066.7
2024-10-04,318039.6
2024-10-05,303217.2
2024-10-06,288599.6
2024-10-07,274184.7
2024-10-08,259989.8
2024-10-09,246031.8
2024-10-10,232347.5
2024-10-11,229711.7
2024-10-12,227116.4
2024-10-13,224562.4
2024-10-14,222052.9
2024-10-15,219586.9
2024-10-16,217164.4
2024-10-17,214788.1
2024-10-18,212463.8
2024-10-19,210190.8
2024-10-20,207962.3
2024-10-21,205778.3
2024-10-22,203639.3
2024-10-23,201544.6
2024-10-24,205375.4
2024-10-25,209441.7
2024-10-26,213753.2
2024-10-27,218330.7
2024-10-28,223176.6
2024-10-29,214935.0
2024-10-30,206856.3
2024-10-31,198949.9
2024-11-01,191238.5
2024-11-02,183712.9
2024-11-03,176362.5
2024-11-04,169187.5
2024-11-05,162194.3
2024-11-06,155402.0
2024-11-07,160352.4
2024-11-08,165411.6
2024-11-09,170586.9
2024-11-10,175873.3
2024-11-11,181271.0
2024-11-12,186788.0
2024-11-13,192425.0
2024-11-14,198187.9
2024-11-15,204089.9
2024-11-16,210118.0
2024-11-17,216254.1
2024-11-18,222487.6
2024-11-19,228822.8
2024-11-20,231348.8
2024-11-21,234240.6
2024-11-22,237509.9
2024-11-23,241039.6
2024-11-24,244751.4
2024-11-25,248601.4
2024-11-26,252572.6
2024-11-27,256660.2
2024-11-28,258962.9
2024-11-29,261345.3
2024-11-30,263800.3
2024-12-01,266326.9
2024-12-02,268927.6
2024-12-03,271599.2
2024-12-04,274335.5
2024-12-05,266669.3
2024-12-06,259228.2
2024-12-07,251985.7
2024-12-08,244954.1
2024-12-09,238196.9
2024-12-10,236252.0
2024-12-11,234392.7
2024-12-12,232614.4
2024-12-13,230916.6
2024-12-14,229298.5
2024-12-15,227749.1
2024-12-16,226260.3
2024-12-17,224826.0
2024-12-18,223444.6
2024-12-19,222799.0
2024-12-20,222196.4
2024-12-21,221638.6
2024-12-22,221126.5
2024-12-23,220662.2
2024-12-24,220244.4
2024-12-25,219876.2
2024-12-26,219557.1
2024-12-27,219286.0
2024-12-28,219060.4
2024-12-29,218883.9
2024-12-30,218755.4
2024-12-31,234871.4
2025-01-01,251702.5
2025-01-02,269238.9
2025-01-03,287443.2
2025-01-04,306251.8
2025-01-05,325562.3
2025-01-06,345296.1
2025-01-07,365454.9
2025-01-08,386076.8
2025-01-09,346923.6
2025-01-10,309161.2
2025-01-11,272965.8
2025-01-12,238591.1
2025-01-13,206174.6
2025-01-14,176101.5
2025-01-15,148636.8
2025-01-16,153618.8
2025-01-17,158744.3
2025-01-18,164003.9
2025-01-19,169385.8
2025-01-20,174876.2
2025-01-21,180479.3
2025-01-22,186201.5
2025-01-23,192028.7
2025-01-24,197956.1
2025-01-25,203987.1
2025-01-26,210116.4
2025-01-27,216338.4
2025-01-28,222651.4
2025-01-29,229060.5
2025-01-30,235571.0
2025-01-31,242189.8
2025-02-01,248919.9
2025-02-02,255758.0
2025-02-03,262714.7
2025-02-04,264461.7
2025-02-05,266258.2
2025-02-06,268110.9
2025-02-07,270023.7
2025-02-08,271987.9
2025-02-09,273995.7
2025-02-10,276044.8
2025-02-11,278135.7
2025-02-12,280269.3
2025-02-13,282445.1
2025-02-14,276210.0
2025-02-15,270264.9
2025-02-16,264686.9
2025-02-17,259576.5
2025-02-18,254824.1
2025-02-19,250334.9
2025-02-20,246125.0
2025-02-21,242138.0
2025-02-22,238340.3
2025-02-23,234732.6
2025-02-24,231317.8
2025-02-25,231622.8
2025-02-26,238235.5
2025-02-27,250672.1
2025-02-28,248269.1
2025-03-01,247931.4
2025-03-02,249445.2
2025-03-03,252698.3
2025-03-04,257210.9
2025-03-05,262648.4
2025-03-06,268898.4
2025-03-07,275950.5
2025-03-08,283763.5
2025-03-09,292228.0
2025-03-10,301296.7
2025-03-11,310927.1
2025-03-12,321014.7
2025-03-13,331476.4
2025-03-14,305899.9
2025-03-15,282833.3
2025-03-16,262981.5
2025-03-17,247269.3
2025-03-18,208911.3
2025-03-19,202541.2
2025-03-20,198183.2
2025-03-21,199363.5
2025-03-22,206140.2
2025-03-23,217242.2
2025-03-24,232141.7
2025-03-25,192690.2
2025-03-26,165649.8
2025-03-27,165649.8
2025-03-28,165649.8
2025-03-29,165649.8
2025-03-30,165649.8
2025-03-31,165649.8
2025-04-01,165649.8
2025-04-02,165649.8
2025-04-03,165649.8
2025-04-04,165649.8
2025-04-05,165649.8
2025-04-06,165649.8
2025-04-07,165649.8
2025-04-08,165649.8
2025-04-09,165649.8
2025-04-10,165649.8
